Y,X1,X2,X3,X4,X5,X6,regret,iteration,seed,config,timestamp,run_label
0.513797,0.37483507,0.25644332,0.32508332,0.09018916,0.39364243,0.6068782,0.48568982,0.0,0,se_hartmann_6D,2026-08-08_14-21-58,hartmann_6D_ucb_constant
0.5419057,0.33055222,0.24762335,0.3262334,0.09007578,0.39368165,0.60687923,0.48568982,1.0,0,se_hartmann_6D,2026-08-08_14-21-58,hartmann_6D_ucb_constant
0.5665965,0.28321275,0.2380454,0.32735112,0.09007578,0.39368165,0.60687923,0.48568982,2.0,0,se_hartmann_6D,2026-08-08_14-21-58,hartmann_6D_ucb_constant
0.59055245,0.2331428,0.22805472,0.3286421,0.08995249,0.39368165,0.60687923,0.48568982,3.0,0,se_hartmann_6D,2026-08-08_14-21-58,hartmann_6D_ucb_constant
0.59749556,0.18049113,0.21740173,0.3305584,0.09014558,0.39369354,0.606887,0.48568982,4.0,0,se_hartmann_6D,2026-08-08_14-21-58,hartmann_6D_ucb_constant
0.58314323,0.12707512,0.20654061,0.3320545,0.0900292,0.39374185,0.60690445,0.48568982,5.0,0,se_hartmann_6D,2026-08-08_14-21-58,hartmann_6D_ucb_constant
0.55787116,0.07488338,0.1977654,0.3320545,0.0900292,0.39374185,0.60690445,0.48568982,6.0,0,se_hartmann_6D,2026-08-08_14-21-58,hartmann_6D_ucb_constant
0.56617653,0.028090332,0.19723517,0.32843283,0.10650824,0.38911676,0.61062163,0.48568982,7.0,0,se_hartmann_6D,2026-08-08_14-21-58,hartmann_6D_ucb_constant
0.52506596,0.025755405,0.19866253,0.3326685,0.09084359,0.3934441,0.60667574,0.48568982,8.0,0,se_hartmann_6D,2026-08-08_14-21-58,hartmann_6D_ucb_constant
0.526945,0.026132971,0.2064263,0.3332362,0.09211038,0.3926257,0.6074857,0.48568982,9.0,0,se_hartmann_6D,2026-08-08_14-21-58,hartmann_6D_ucb_constant
0.53337777,0.028989524,0.19338171,0.33276728,0.088136174,0.3961246,0.6064603,0.48568982,10.0,0,se_hartmann_6D,2026-08-08_14-21-58,hartmann_6D_ucb_constant
0.5144207,0.025912434,0.19781378,0.32149047,0.0900292,0.39374185,0.60690445,0.48568982,11.0,0,se_hartmann_6D,2026-08-08_14-21-58,hartmann_6D_ucb_constant
0.51270515,0.02602369,0.2048869,0.3304155,0.08541698,0.39374185,0.60690445,0.48568982,12.0,0,se_hartmann_6D,2026-08-08_14-21-58,hartmann_6D_ucb_constant
0.559826,0.028717164,0.19803596,0.32699093,0.10505486,0.3885459,0.6106883,0.48568982,13.0,0,se_hartmann_6D,2026-08-08_14-21-58,hartmann_6D_ucb_constant
0.5160111,0.029847331,0.18780595,0.31524304,0.09355066,0.40172115,0.6020441,0.48568982,14.0,0,se_hartmann_6D,2026-08-08_14-21-58,hartmann_6D_ucb_constant
0.5580601,0.0309469,0.18459173,0.32903564,0.10910422,0.39409843,0.6057976,0.48568982,15.0,0,se_hartmann_6D,2026-08-08_14-21-58,hartmann_6D_ucb_constant
0.5475258,0.02795884,0.19234605,0.32811826,0.10175585,0.39725396,0.6094114,0.48563486,16.0,0,se_hartmann_6D,2026-08-08_14-21-58,hartmann_6D_ucb_constant
0.54831326,0.034071717,0.1708479,0.3224271,0.09338424,0.3898531,0.60616624,0.48568982,17.0,0,se_hartmann_6D,2026-08-08_14-21-58,hartmann_6D_ucb_constant
0.52877736,0.025210641,0.20424378,0.33268583,0.08999644,0.393775,0.60684574,0.48568982,18.0,0,se_hartmann_6D,2026-08-08_14-21-58,hartmann_6D_ucb_constant
0.5609067,0.026644932,0.19972436,0.32792076,0.10673412,0.3887978,0.6102955,0.48568982,19.0,0,se_hartmann_6D,2026-08-08_14-21-58,hartmann_6D_ucb_constant
0.5427785,0.032457147,0.17112389,0.3320545,0.0900292,0.39374185,0.60690445,0.48568982,20.0,0,se_hartmann_6D,2026-08-08_14-21-58,hartmann_6D_ucb_constant
0.538514,0.027086496,0.20569396,0.329922,0.091149256,0.39253393,0.60662436,0.48568982,21.0,0,se_hartmann_6D,2026-08-08_14-21-58,hartmann_6D_ucb_constant
0.5229765,0.025095835,0.20238706,0.3289569,0.0900292,0.39374185,0.60690445,0.48568982,22.0,0,se_hartmann_6D,2026-08-08_14-21-58,hartmann_6D_ucb_constant
0.53067213,0.029797055,0.17609538,0.33472437,0.08980963,0.39331555,0.6070779,0.48568982,23.0,0,se_hartmann_6D,2026-08-08_14-21-58,hartmann_6D_ucb_constant
0.53553,0.029695135,0.18507133,0.3315809,0.09098444,0.39357322,0.6078892,0.48568982,24.0,0,se_hartmann_6D,2026-08-08_14-21-58,hartmann_6D_ucb_constant
0.5359649,0.025295224,0.1991615,0.3271002,0.09012923,0.38881585,0.60690445,0.48568982,25.0,0,se_hartmann_6D,2026-08-08_14-21-58,hartmann_6D_ucb_constant
0.5695535,0.02681518,0.19306289,0.32843283,0.10650824,0.38911676,0.61062163,0.48568982,26.0,0,se_hartmann_6D,2026-08-08_14-21-58,hartmann_6D_ucb_constant
0.5278128,0.03085538,0.17848974,0.327092,0.08769087,0.3937289,0.60688853,0.48568982,27.0,0,se_hartmann_6D,2026-08-08_14-21-58,hartmann_6D_ucb_constant
0.5404726,0.028007243,0.19018851,0.33413053,0.0900292,0.39374185,0.60690445,0.48568982,28.0,0,se_hartmann_6D,2026-08-08_14-21-58,hartmann_6D_ucb_constant
0.540134,0.028313626,0.19035512,0.32913408,0.08913329,0.39044625,0.6040589,0.48568982,29.0,0,se_hartmann_6D,2026-08-08_14-21-58,hartmann_6D_ucb_constant
0.52721685,0.024855755,0.19959654,0.33037853,0.08938564,0.3943821,0.60683227,0.48568982,30.0,0,se_hartmann_6D,2026-08-08_14-21-58,hartmann_6D_ucb_constant
0.5259821,0.025609896,0.19307771,0.3320545,0.0900292,0.39374185,0.60690445,0.48568982,31.0,0,se_hartmann_6D,2026-08-08_14-21-58,hartmann_6D_ucb_constant
0.5413552,0.030569121,0.17730469,0.33224732,0.090229996,0.39354944,0.60690445,0.48568982,32.0,0,se_hartmann_6D,2026-08-08_14-21-58,hartmann_6D_ucb_constant
0.52790195,0.025230318,0.20280361,0.33140716,0.088513136,0.39171195,0.6049972,0.48568982,33.0,0,se_hartmann_6D,2026-08-08_14-21-58,hartmann_6D_ucb_constant
0.55300295,0.027907941,0.19677104,0.3338971,0.09701673,0.39210364,0.60358083,0.48568982,34.0,0,se_hartmann_6D,2026-08-08_14-21-58,hartmann_6D_ucb_constant
0.52543414,0.026912916,0.19789803,0.33287075,0.09006818,0.3937087,0.6070006,0.48568982,35.0,0,se_hartmann_6D,2026-08-08_14-21-58,hartmann_6D_ucb_constant
0.5310126,0.026442565,0.20719457,0.3236501,0.0900292,0.39374185,0.60690445,0.48568982,36.0,0,se_hartmann_6D,2026-08-08_14-21-58,hartmann_6D_ucb_constant
0.54941374,0.030125126,0.18935114,0.3439977,0.08227287,0.3880241,0.62105227,0.48568982,37.0,0,se_hartmann_6D,2026-08-08_14-21-58,hartmann_6D_ucb_constant
0.5428035,0.027418196,0.19832544,0.3205278,0.100641705,0.3936243,0.60358876,0.48568982,38.0,0,se_hartmann_6D,2026-08-08_14-21-58,hartmann_6D_ucb_constant
0.52851737,0.02705627,0.20434137,0.3320545,0.0900292,0.39374185,0.60690445,0.48568982,39.0,0,se_hartmann_6D,2026-08-08_14-21-58,hartmann_6D_ucb_constant
0.5064959,0.026227526,0.19636549,0.3344742,0.079403274,0.39838928,0.60710156,0.48568982,40.0,0,se_hartmann_6D,2026-08-08_14-21-58,hartmann_6D_ucb_constant
0.53596073,0.031490825,0.1739826,0.33194736,0.08661173,0.392701,0.610302,0.48568982,41.0,0,se_hartmann_6D,2026-08-08_14-21-58,hartmann_6D_ucb_constant
0.5216098,0.026577398,0.19681244,0.33389005,0.08695527,0.394184,0.60690445,0.48568982,42.0,0,se_hartmann_6D,2026-08-08_14-21-58,hartmann_6D_ucb_constant
0.53332937,0.026826598,0.19572148,0.33185363,0.09324004,0.39110264,0.6087909,0.48568982,43.0,0,se_hartmann_6D,2026-08-08_14-21-58,hartmann_6D_ucb_constant
0.5451322,0.028205238,0.17966306,0.3320545,0.0900292,0.39374185,0.60690445,0.48568982,44.0,0,se_hartmann_6D,2026-08-08_14-21-58,hartmann_6D_ucb_constant
0.5294344,0.026544236,0.20928508,0.3276338,0.09180264,0.39250356,0.60288477,0.48568982,45.0,0,se_hartmann_6D,2026-08-08_14-21-58,hartmann_6D_ucb_constant
0.5413796,0.029401176,0.17676245,0.3320545,0.0900292,0.39374185,0.60690445,0.48573595,46.0,0,se_hartmann_6D,2026-08-08_14-21-58,hartmann_6D_ucb_constant
0.5232424,0.025633946,0.19816144,0.32662502,0.089265056,0.39364338,0.6073484,0.48568982,47.0,0,se_hartmann_6D,2026-08-08_14-21-58,hartmann_6D_ucb_constant
0.54055387,0.033909786,0.17265464,0.33165875,0.09094167,0.39336646,0.60725886,0.48568982,48.0,0,se_hartmann_6D,2026-08-08_14-21-58,hartmann_6D_ucb_constant
0.52463007,0.028033275,0.19534779,0.31466305,0.08765021,0.39438027,0.6062352,0.48568982,49.0,0,se_hartmann_6D,2026-08-08_14-21-58,hartmann_6D_ucb_constant
0.5443441,0.028277937,0.2024574,0.33055305,0.09058431,0.39061007,0.6063713,0.48568982,50.0,0,se_hartmann_6D,2026-08-08_14-21-58,hartmann_6D_ucb_constant
0.5304489,0.030522797,0.18165518,0.33205497,0.090052925,0.39370397,0.60688907,0.48568982,51.0,0,se_hartmann_6D,2026-08-08_14-21-58,hartmann_6D_ucb_constant
0.53867626,0.032677304,0.17278811,0.32351062,0.09437838,0.39018884,0.60690445,0.48568982,52.0,0,se_hartmann_6D,2026-08-08_14-21-58,hartmann_6D_ucb_constant
0.531647,0.025119204,0.19409782,0.33561853,0.087865695,0.39475983,0.6080923,0.48568982,53.0,0,se_hartmann_6D,2026-08-08_14-21-58,hartmann_6D_ucb_constant
0.54374766,0.025465,0.20216516,0.3378238,0.091235116,0.39433843,0.6105274,0.48568982,54.0,0,se_hartmann_6D,2026-08-08_14-21-58,hartmann_6D_ucb_constant
0.53325266,0.029214595,0.19820957,0.3320545,0.0900292,0.39374185,0.60690445,0.48568982,55.0,0,se_hartmann_6D,2026-08-08_14-21-58,hartmann_6D_ucb_constant
0.52862644,0.035343263,0.16863972,0.32233158,0.091898374,0.39374185,0.60690445,0.48568982,56.0,0,se_hartmann_6D,2026-08-08_14-21-58,hartmann_6D_ucb_constant
0.52683884,0.026515286,0.19777267,0.3449123,0.08852757,0.39538643,0.60690445,0.48568982,57.0,0,se_hartmann_6D,2026-08-08_14-21-58,hartmann_6D_ucb_constant
0.5645412,0.028090332,0.19723517,0.32843283,0.10650824,0.38911676,0.61062163,0.48568982,58.0,0,se_hartmann_6D,2026-08-08_14-21-58,hartmann_6D_ucb_constant
0.5374354,0.028596245,0.18097141,0.33289665,0.08487172,0.38617757,0.60773575,0.48568982,59.0,0,se_hartmann_6D,2026-08-08_14-21-58,hartmann_6D_ucb_constant
0.52663034,0.027275205,0.19821967,0.32822528,0.08987496,0.3934305,0.6071592,0.48565876,60.0,0,se_hartmann_6D,2026-08-08_14-21-58,hartmann_6D_ucb_constant
0.5311597,0.024956822,0.20011611,0.3308531,0.091278404,0.39124244,0.6084266,0.48568982,61.0,0,se_hartmann_6D,2026-08-08_14-21-58,hartmann_6D_ucb_constant
0.5353628,0.02627983,0.19958661,0.3320545,0.0900292,0.39374185,0.60690445,0.48568982,62.0,0,se_hartmann_6D,2026-08-08_14-21-58,hartmann_6D_ucb_constant
0.52205944,0.026376527,0.21028897,0.3320545,0.0900292,0.39374185,0.60690445,0.48570043,63.0,0,se_hartmann_6D,2026-08-08_14-21-58,hartmann_6D_ucb_constant
0.54381937,0.031775806,0.17743984,0.3320545,0.0900292,0.39374185,0.60690445,0.48568982,64.0,0,se_hartmann_6D,2026-08-08_14-21-58,hartmann_6D_ucb_constant
0.54086167,0.03315735,0.17105961,0.33742502,0.08492228,0.39448532,0.6067707,0.48568982,65.0,0,se_hartmann_6D,2026-08-08_14-21-58,hartmann_6D_ucb_constant
0.55011994,0.03438803,0.16985899,0.33206424,0.09323113,0.3862217,0.601974,0.48568982,66.0,0,se_hartmann_6D,2026-08-08_14-21-58,hartmann_6D_ucb_constant
0.5376548,0.027108785,0.19797115,0.33103397,0.09188653,0.39338067,0.6067255,0.48568982,67.0,0,se_hartmann_6D,2026-08-08_14-21-58,hartmann_6D_ucb_constant
0.53274816,0.024788644,0.19724977,0.33206037,0.08995872,0.3937698,0.60692203,0.48568982,68.0,0,se_hartmann_6D,2026-08-08_14-21-58,hartmann_6D_ucb_constant
0.5316287,0.032074653,0.17177914,0.3319316,0.08866293,0.39374185,0.60690445,0.48568982,69.0,0,se_hartmann_6D,2026-08-08_14-21-58,hartmann_6D_ucb_constant
0.54113305,0.03361302,0.16994369,0.3265047,0.090656355,0.39279702,0.6075194,0.48568982,70.0,0,se_hartmann_6D,2026-08-08_14-21-58,hartmann_6D_ucb_constant
0.52593213,0.025228672,0.19522464,0.33819526,0.0900292,0.39374185,0.60690445,0.48568982,71.0,0,se_hartmann_6D,2026-08-08_14-21-58,hartmann_6D_ucb_constant
0.52544266,0.024866886,0.1961092,0.33437008,0.0900292,0.39374185,0.60690445,0.48568982,72.0,0,se_hartmann_6D,2026-08-08_14-21-58,hartmann_6D_ucb_constant
0.5372404,0.02928058,0.18472035,0.33049187,0.0900292,0.39374185,0.60690445,0.48568982,73.0,0,se_hartmann_6D,2026-08-08_14-21-58,hartmann_6D_ucb_constant
0.54011863,0.02896249,0.1852137,0.34749603,0.09183062,0.39468053,0.6059486,0.48568982,74.0,0,se_hartmann_6D,2026-08-08_14-21-58,hartmann_6D_ucb_constant
0.5554584,0.033393294,0.17223653,0.3437423,0.0900292,0.39374185,0.60690445,0.48568982,75.0,0,se_hartmann_6D,2026-08-08_14-21-58,hartmann_6D_ucb_constant
0.5447367,0.026107665,0.18939199,0.33980522,0.08977387,0.39432174,0.6072125,0.48568982,76.0,0,se_hartmann_6D,2026-08-08_14-21-58,hartmann_6D_ucb_constant
0.54251593,0.030899234,0.18972409,0.33601177,0.08972791,0.39242718,0.60690445,0.48568982,77.0,0,se_hartmann_6D,2026-08-08_14-21-58,hartmann_6D_ucb_constant
0.5253053,0.026086796,0.20764248,0.32817632,0.09215872,0.39698735,0.60591304,0.48568982,78.0,0,se_hartmann_6D,2026-08-08_14-21-58,hartmann_6D_ucb_constant
0.53236145,0.024826486,0.19644427,0.3306134,0.08992427,0.3940553,0.6072656,0.48568982,79.0,0,se_hartmann_6D,2026-08-08_14-21-58,hartmann_6D_ucb_constant
0.55693585,0.027030895,0.20961083,0.31959403,0.10650824,0.38911676,0.61062163,0.48568982,80.0,0,se_hartmann_6D,2026-08-08_14-21-58,hartmann_6D_ucb_constant
0.5245065,0.024876673,0.19475149,0.3320545,0.0900292,0.39374185,0.60690445,0.48568982,81.0,0,se_hartmann_6D,2026-08-08_14-21-58,hartmann_6D_ucb_constant
0.5172964,0.025966365,0.20269889,0.33771378,0.08625678,0.3973663,0.61266166,0.48568982,82.0,0,se_hartmann_6D,2026-08-08_14-21-58,hartmann_6D_ucb_constant
0.53915536,0.027857691,0.20648603,0.32448542,0.094124556,0.38925654,0.61822295,0.48568982,83.0,0,se_hartmann_6D,2026-08-08_14-21-58,hartmann_6D_ucb_constant
0.5452629,0.029349297,0.1924415,0.34109733,0.090848744,0.39182624,0.6054359,0.48568982,84.0,0,se_hartmann_6D,2026-08-08_14-21-58,hartmann_6D_ucb_constant
0.5316732,0.027204312,0.20407356,0.319672,0.0915658,0.39238527,0.61316067,0.48568982,85.0,0,se_hartmann_6D,2026-08-08_14-21-58,hartmann_6D_ucb_constant
0.52671033,0.02992116,0.18446922,0.3343527,0.088657014,0.3945321,0.60723263,0.48568982,86.0,0,se_hartmann_6D,2026-08-08_14-21-58,hartmann_6D_ucb_constant
0.5471094,0.027013902,0.18493395,0.33182588,0.09214241,0.38922563,0.60690445,0.48568982,87.0,0,se_hartmann_6D,2026-08-08_14-21-58,hartmann_6D_ucb_constant
0.5308856,0.026303388,0.19858114,0.3214119,0.095474474,0.39543605,0.60871774,0.48568982,88.0,0,se_hartmann_6D,2026-08-08_14-21-58,hartmann_6D_ucb_constant
0.5236889,0.030012697,0.1932507,0.33893985,0.08848782,0.3948925,0.5862917,0.48568982,89.0,0,se_hartmann_6D,2026-08-08_14-21-58,hartmann_6D_ucb_constant
0.5283026,0.026652899,0.19277152,0.33151606,0.0900292,0.39374185,0.60690445,0.48568982,90.0,0,se_hartmann_6D,2026-08-08_14-21-58,hartmann_6D_ucb_constant
0.52522194,0.030149516,0.17753702,0.3315602,0.080144465,0.39374846,0.6056812,0.48568982,91.0,0,se_hartmann_6D,2026-08-08_14-21-58,hartmann_6D_ucb_constant
0.5179148,0.027575806,0.18365945,0.33385995,0.082872294,0.39799047,0.6073931,0.48568982,92.0,0,se_hartmann_6D,2026-08-08_14-21-58,hartmann_6D_ucb_constant
0.53584427,0.026907485,0.18625388,0.33552945,0.08950302,0.39399233,0.60833913,0.48568982,93.0,0,se_hartmann_6D,2026-08-08_14-21-58,hartmann_6D_ucb_constant
0.5304994,0.025107063,0.2034287,0.3320545,0.0900292,0.39374185,0.60690445,0.48568982,94.0,0,se_hartmann_6D,2026-08-08_14-21-58,hartmann_6D_ucb_constant
0.5303799,0.026704937,0.20744045,0.3320545,0.0900292,0.39374185,0.60690445,0.48568982,95.0,0,se_hartmann_6D,2026-08-08_14-21-58,hartmann_6D_ucb_constant
0.54221493,0.029347528,0.19801912,0.3318052,0.0900292,0.39374185,0.60690445,0.48568982,96.0,0,se_hartmann_6D,2026-08-08_14-21-58,hartmann_6D_ucb_constant
0.5347591,0.027306583,0.18861501,0.3320545,0.0900292,0.39374185,0.60690445,0.48568982,97.0,0,se_hartmann_6D,2026-08-08_14-21-58,hartmann_6D_ucb_constant
0.55875885,0.02806669,0.19760242,0.3272634,0.10547968,0.38911676,0.61062163,0.48568982,98.0,0,se_hartmann_6D,2026-08-08_14-21-58,hartmann_6D_ucb_constant
0.5364482,0.03220274,0.17187738,0.33523324,0.09242817,0.3941551,0.6077336,0.48568982,99.0,0,se_hartmann_6D,2026-08-08_14-21-58,hartmann_6D_ucb_constant
0.52979916,0.02547079,0.19936049,0.3254932,0.08857499,0.39388192,0.6071877,0.48568982,100.0,0,se_hartmann_6D,2026-08-08_14-21-58,hartmann_6D_ucb_constant
0.9852614,0.5292251,0.39557385,,,,,0.0051851273,0.0,0,se_rosenbrock_2D,2026-08-08_14-14-05,rosenbrock2d_ucb_constant
0.9939289,0.5163774,0.32587147,,,,,0.0051851273,1.0,0,se_rosenbrock_2D,2026-08-08_14-14-05,rosenbrock2d_ucb_constant
1.0024121,0.48578796,0.28048676,,,,,0.0051851273,2.0,0,se_rosenbrock_2D,2026-08-08_14-14-05,rosenbrock2d_ucb_constant
0.99062556,0.46760178,0.28901103,,,,,0.0051851273,3.0,0,se_rosenbrock_2D,2026-08-08_14-14-05,rosenbrock2d_ucb_constant
1.00274,0.54642206,0.27369553,,,,,0.0051851273,4.0,0,se_rosenbrock_2D,2026-08-08_14-14-05,rosenbrock2d_ucb_constant
0.996682,0.49314484,0.2779902,,,,,0.0051851273,5.0,0,se_rosenbrock_2D,2026-08-08_14-14-05,rosenbrock2d_ucb_constant
0.99579316,0.46760178,0.28901103,,,,,0.0051851273,6.0,0,se_rosenbrock_2D,2026-08-08_14-14-05,rosenbrock2d_ucb_constant
1.0064597,0.46760178,0.28901103,,,,,0.0051851273,7.0,0,se_rosenbrock_2D,2026-08-08_14-14-05,rosenbrock2d_ucb_constant
0.9911096,0.46760178,0.28901103,,,,,0.0051851273,8.0,0,se_rosenbrock_2D,2026-08-08_14-14-05,rosenbrock2d_ucb_constant
0.9930419,0.4618509,0.292579,,,,,0.0051851273,9.0,0,se_rosenbrock_2D,2026-08-08_14-14-05,rosenbrock2d_ucb_constant
0.99092317,0.46760178,0.28901103,,,,,0.0051851273,10.0,0,se_rosenbrock_2D,2026-08-08_14-14-05,rosenbrock2d_ucb_constant
0.9904186,0.46760178,0.28901103,,,,,0.0051851273,11.0,0,se_rosenbrock_2D,2026-08-08_14-14-05,rosenbrock2d_ucb_constant
0.9915676,0.46760178,0.28901103,,,,,0.0051851273,12.0,0,se_rosenbrock_2D,2026-08-08_14-14-05,rosenbrock2d_ucb_constant
1.0018672,0.46760178,0.28901103,,,,,0.0051851273,13.0,0,se_rosenbrock_2D,2026-08-08_14-14-05,rosenbrock2d_ucb_constant
0.99963844,0.5461824,0.27376318,,,,,0.0051851273,14.0,0,se_rosenbrock_2D,2026-08-08_14-14-05,rosenbrock2d_ucb_constant
0.9990968,0.46760178,0.28901103,,,,,0.0051851273,15.0,0,se_rosenbrock_2D,2026-08-08_14-14-05,rosenbrock2d_ucb_constant
0.9901793,0.46760178,0.28901103,,,,,0.0051851273,16.0,0,se_rosenbrock_2D,2026-08-08_14-14-05,rosenbrock2d_ucb_constant
1.0037143,0.46760178,0.28901103,,,,,0.0051851273,17.0,0,se_rosenbrock_2D,2026-08-08_14-14-05,rosenbrock2d_ucb_constant
0.99297005,0.46760178,0.28901103,,,,,0.0051851273,18.0,0,se_rosenbrock_2D,2026-08-08_14-14-05,rosenbrock2d_ucb_constant
1.0038006,0.46760178,0.28901103,,,,,0.0051851273,19.0,0,se_rosenbrock_2D,2026-08-08_14-14-05,rosenbrock2d_ucb_constant
1.0013738,0.46760178,0.28901103,,,,,0.0051851273,20.0,0,se_rosenbrock_2D,2026-08-08_14-14-05,rosenbrock2d_ucb_constant
1.0059502,0.5262198,0.2725395,,,,,0.0051851273,21.0,0,se_rosenbrock_2D,2026-08-08_14-14-05,rosenbrock2d_ucb_constant
1.000296,0.48512062,0.28063363,,,,,0.0051851273,22.0,0,se_rosenbrock_2D,2026-08-08_14-14-05,rosenbrock2d_ucb_constant
0.9904741,0.46760178,0.28901103,,,,,0.0051851273,23.0,0,se_rosenbrock_2D,2026-08-08_14-14-05,rosenbrock2d_ucb_constant
1.0019298,0.46760178,0.28901103,,,,,0.0051851273,24.0,0,se_rosenbrock_2D,2026-08-08_14-14-05,rosenbrock2d_ucb_constant
0.9914815,0.46760178,0.28901103,,,,,0.0051851273,25.0,0,se_rosenbrock_2D,2026-08-08_14-14-05,rosenbrock2d_ucb_constant
1.0046288,0.5439184,0.27342656,,,,,0.0051851273,26.0,0,se_rosenbrock_2D,2026-08-08_14-14-05,rosenbrock2d_ucb_constant
0.9977868,0.46760178,0.28901103,,,,,0.0051851273,27.0,0,se_rosenbrock_2D,2026-08-08_14-14-05,rosenbrock2d_ucb_constant
1.0036087,0.46760178,0.28901103,,,,,0.0051851273,28.0,0,se_rosenbrock_2D,2026-08-08_14-14-05,rosenbrock2d_ucb_constant
0.98969877,0.46760178,0.28901103,,,,,0.0051851273,29.0,0,se_rosenbrock_2D,2026-08-08_14-14-05,rosenbrock2d_ucb_constant
1.0013351,0.46760178,0.28901103,,,,,0.0051851273,30.0,0,se_rosenbrock_2D,2026-08-08_14-14-05,rosenbrock2d_ucb_constant
1.0069689,0.48163363,0.28209516,,,,,0.0051851273,31.0,0,se_rosenbrock_2D,2026-08-08_14-14-05,rosenbrock2d_ucb_constant
0.99939513,0.46760178,0.28901103,,,,,0.0051851273,32.0,0,se_rosenbrock_2D,2026-08-08_14-14-05,rosenbrock2d_ucb_constant
0.99832493,0.46760178,0.28901103,,,,,0.0051851273,33.0,0,se_rosenbrock_2D,2026-08-08_14-14-05,rosenbrock2d_ucb_constant
0.9898347,0.5114354,0.27382264,,,,,0.0051851273,34.0,0,se_rosenbrock_2D,2026-08-08_14-14-05,rosenbrock2d_ucb_constant
1.0050086,0.46760178,0.28901103,,,,,0.0051851273,35.0,0,se_rosenbrock_2D,2026-08-08_14-14-05,rosenbrock2d_ucb_constant
0.9992767,0.46760178,0.28901103,,,,,0.0051851273,36.0,0,se_rosenbrock_2D,2026-08-08_14-14-05,rosenbrock2d_ucb_constant
0.99575937,0.46760178,0.28901103,,,,,0.0051851273,37.0,0,se_rosenbrock_2D,2026-08-08_14-14-05,rosenbrock2d_ucb_constant
1.0012505,0.46760178,0.28901103,,,,,0.0051851273,38.0,0,se_rosenbrock_2D,2026-08-08_14-14-05,rosenbrock2d_ucb_constant
1.0010709,0.46760178,0.28901103,,,,,0.0051851273,39.0,0,se_rosenbrock_2D,2026-08-08_14-14-05,rosenbrock2d_ucb_constant
1.0060306,0.49738786,0.27668846,,,,,0.0051851273,40.0,0,se_rosenbrock_2D,2026-08-08_14-14-05,rosenbrock2d_ucb_constant
0.98750764,0.46760178,0.28901103,,,,,0.0051851273,41.0,0,se_rosenbrock_2D,2026-08-08_14-14-05,rosenbrock2d_ucb_constant
1.0023981,0.46760178,0.28901103,,,,,0.0051851273,42.0,0,se_rosenbrock_2D,2026-08-08_14-14-05,rosenbrock2d_ucb_constant
0.9896042,0.46760178,0.28901103,,,,,0.0051851273,43.0,0,se_rosenbrock_2D,2026-08-08_14-14-05,rosenbrock2d_ucb_constant
1.0072652,0.4742737,0.2854563,,,,,0.0051851273,44.0,0,se_rosenbrock_2D,2026-08-08_14-14-05,rosenbrock2d_ucb_constant
0.99304473,0.46760178,0.28901103,,,,,0.0051851273,45.0,0,se_rosenbrock_2D,2026-08-08_14-14-05,rosenbrock2d_ucb_constant
0.98787904,0.46760178,0.28901103,,,,,0.0051851273,46.0,0,se_rosenbrock_2D,2026-08-08_14-14-05,rosenbrock2d_ucb_constant
0.9898744,0.46760178,0.28901103,,,,,0.0051851273,47.0,0,se_rosenbrock_2D,2026-08-08_14-14-05,rosenbrock2d_ucb_constant
0.9985869,0.5102327,0.27403662,,,,,0.0051851273,48.0,0,se_rosenbrock_2D,2026-08-08_14-14-05,rosenbrock2d_ucb_constant
0.9933097,0.46760178,0.28901103,,,,,0.0051851273,49.0,0,se_rosenbrock_2D,2026-08-08_14-14-05,rosenbrock2d_ucb_constant
0.9913196,0.46760178,0.28901103,,,,,0.0051851273,50.0,0,se_rosenbrock_2D,2026-08-08_14-14-05,rosenbrock2d_ucb_constant
1.004258,0.46760178,0.28901103,,,,,0.0051851273,51.0,0,se_rosenbrock_2D,2026-08-08_14-14-05,rosenbrock2d_ucb_constant
0.99674386,0.5321878,0.2725775,,,,,0.0051851273,52.0,0,se_rosenbrock_2D,2026-08-08_14-14-05,rosenbrock2d_ucb_constant
1.0005562,0.5075449,0.2744355,,,,,0.0051851273,53.0,0,se_rosenbrock_2D,2026-08-08_14-14-05,rosenbrock2d_ucb_constant
1.0030566,0.5444114,0.2734244,,,,,0.0051851273,54.0,0,se_rosenbrock_2D,2026-08-08_14-14-05,rosenbrock2d_ucb_constant
0.9925257,0.46760178,0.28901103,,,,,0.0051851273,55.0,0,se_rosenbrock_2D,2026-08-08_14-14-05,rosenbrock2d_ucb_constant
0.9878125,0.46760178,0.28901103,,,,,0.0051851273,56.0,0,se_rosenbrock_2D,2026-08-08_14-14-05,rosenbrock2d_ucb_constant
0.9949017,0.46760178,0.28901103,,,,,0.0051851273,57.0,0,se_rosenbrock_2D,2026-08-08_14-14-05,rosenbrock2d_ucb_constant
0.9939067,0.46760178,0.28901103,,,,,0.0051851273,58.0,0,se_rosenbrock_2D,2026-08-08_14-14-05,rosenbrock2d_ucb_constant
0.9952778,0.46760178,0.28901103,,,,,0.0051851273,59.0,0,se_rosenbrock_2D,2026-08-08_14-14-05,rosenbrock2d_ucb_constant
0.9908903,0.46760178,0.28901103,,,,,0.0051851273,60.0,0,se_rosenbrock_2D,2026-08-08_14-14-05,rosenbrock2d_ucb_constant
1.0045635,0.46760178,0.28901103,,,,,0.0051851273,61.0,0,se_rosenbrock_2D,2026-08-08_14-14-05,rosenbrock2d_ucb_constant
0.9976829,0.46760178,0.28901103,,,,,0.0051851273,62.0,0,se_rosenbrock_2D,2026-08-08_14-14-05,rosenbrock2d_ucb_constant
1.0003587,0.4830491,0.28153592,,,,,0.0051851273,63.0,0,se_rosenbrock_2D,2026-08-08_14-14-05,rosenbrock2d_ucb_constant
1.0068774,0.46760178,0.28901103,,,,,0.0051851273,64.0,0,se_rosenbrock_2D,2026-08-08_14-14-05,rosenbrock2d_ucb_constant
1.0087394,0.5253475,0.27261055,,,,,0.0051851273,65.0,0,se_rosenbrock_2D,2026-08-08_14-14-05,rosenbrock2d_ucb_constant
0.9900431,0.5521871,0.27464873,,,,,0.0051851273,66.0,0,se_rosenbrock_2D,2026-08-08_14-14-05,rosenbrock2d_ucb_constant
1.004214,0.46760178,0.28901103,,,,,0.0051851273,67.0,0,se_rosenbrock_2D,2026-08-08_14-14-05,rosenbrock2d_ucb_constant
0.9924345,0.46760178,0.28901103,,,,,0.0051851273,68.0,0,se_rosenbrock_2D,2026-08-08_14-14-05,rosenbrock2d_ucb_constant
0.98804647,0.46760178,0.28901103,,,,,0.0051851273,69.0,0,se_rosenbrock_2D,2026-08-08_14-14-05,rosenbrock2d_ucb_constant
0.9971444,0.5407402,0.27310127,,,,,0.0051851273,70.0,0,se_rosenbrock_2D,2026-08-08_14-14-05,rosenbrock2d_ucb_constant
1.0028114,0.46760178,0.28901103,,,,,0.0051851273,71.0,0,se_rosenbrock_2D,2026-08-08_14-14-05,rosenbrock2d_ucb_constant
1.0036428,0.46760178,0.28901103,,,,,0.0051851273,72.0,0,se_rosenbrock_2D,2026-08-08_14-14-05,rosenbrock2d_ucb_constant
0.9952909,0.46760178,0.28901103,,,,,0.0051851273,73.0,0,se_rosenbrock_2D,2026-08-08_14-14-05,rosenbrock2d_ucb_constant
0.9969781,0.49861294,0.2764243,,,,,0.0051851273,74.0,0,se_rosenbrock_2D,2026-08-08_14-14-05,rosenbrock2d_ucb_constant
0.98968405,0.49071258,0.2786644,,,,,0.0051851273,75.0,0,se_rosenbrock_2D,2026-08-08_14-14-05,rosenbrock2d_ucb_constant
0.997258,0.49571797,0.27717787,,,,,0.0051851273,76.0,0,se_rosenbrock_2D,2026-08-08_14-14-05,rosenbrock2d_ucb_constant
0.9944791,0.50356585,0.27525246,,,,,0.0051851273,77.0,0,se_rosenbrock_2D,2026-08-08_14-14-05,rosenbrock2d_ucb_constant
0.9884044,0.46760178,0.28901103,,,,,0.0051851273,78.0,0,se_rosenbrock_2D,2026-08-08_14-14-05,rosenbrock2d_ucb_constant
1.0074315,0.49020392,0.2788912,,,,,0.0051851273,79.0,0,se_rosenbrock_2D,2026-08-08_14-14-05,rosenbrock2d_ucb_constant
1.006435,0.46760178,0.28901103,,,,,0.0051851273,80.0,0,se_rosenbrock_2D,2026-08-08_14-14-05,rosenbrock2d_ucb_constant
0.9883804,0.46760178,0.28901103,,,,,0.0051851273,81.0,0,se_rosenbrock_2D,2026-08-08_14-14-05,rosenbrock2d_ucb_constant
0.99625105,0.46760178,0.28901103,,,,,0.0051851273,82.0,0,se_rosenbrock_2D,2026-08-08_14-14-05,rosenbrock2d_ucb_constant
1.0068729,0.56107694,0.27679986,,,,,0.0051851273,83.0,0,se_rosenbrock_2D,2026-08-08_14-14-05,rosenbrock2d_ucb_constant
0.99847806,0.46760178,0.28901103,,,,,0.0051851273,84.0,0,se_rosenbrock_2D,2026-08-08_14-14-05,rosenbrock2d_ucb_constant
1.0045462,0.46760178,0.28901103,,,,,0.0051851273,85.0,0,se_rosenbrock_2D,2026-08-08_14-14-05,rosenbrock2d_ucb_constant
1.0040177,0.53578717,0.27267376,,,,,0.0051851273,86.0,0,se_rosenbrock_2D,2026-08-08_14-14-05,rosenbrock2d_ucb_constant
0.99457,0.46224093,0.29230416,,,,,0.0051851273,87.0,0,se_rosenbrock_2D,2026-08-08_14-14-05,rosenbrock2d_ucb_constant
0.9902345,0.4861867,0.28035295,,,,,0.0051851273,88.0,0,se_rosenbrock_2D,2026-08-08_14-14-05,rosenbrock2d_ucb_constant
1.0053447,0.46760178,0.28901103,,,,,0.0051851273,89.0,0,se_rosenbrock_2D,2026-08-08_14-14-05,rosenbrock2d_ucb_constant
0.9916915,0.49323976,0.27786672,,,,,0.0051851273,90.0,0,se_rosenbrock_2D,2026-08-08_14-14-05,rosenbrock2d_ucb_constant
0.99199486,0.5510474,0.27446786,,,,,0.0051851273,91.0,0,se_rosenbrock_2D,2026-08-08_14-14-05,rosenbrock2d_ucb_constant
0.9915779,0.46760178,0.28901103,,,,,0.0051851273,92.0,0,se_rosenbrock_2D,2026-08-08_14-14-05,rosenbrock2d_ucb_constant
0.9925759,0.48761863,0.27983716,,,,,0.0051851273,93.0,0,se_rosenbrock_2D,2026-08-08_14-14-05,rosenbrock2d_ucb_constant
0.9977679,0.46682897,0.28945258,,,,,0.0051851273,94.0,0,se_rosenbrock_2D,2026-08-08_14-14-05,rosenbrock2d_ucb_constant
0.9898458,0.46760178,0.28901103,,,,,0.0051851273,95.0,0,se_rosenbrock_2D,2026-08-08_14-14-05,rosenbrock2d_ucb_constant
0.99159837,0.46760178,0.28901103,,,,,0.0051851273,96.0,0,se_rosenbrock_2D,2026-08-08_14-14-05,rosenbrock2d_ucb_constant
0.9946336,0.48090535,0.28246227,,,,,0.0051851273,97.0,0,se_rosenbrock_2D,2026-08-08_14-14-05,rosenbrock2d_ucb_constant
1.0026948,0.5486378,0.27405393,,,,,0.0051851273,98.0,0,se_rosenbrock_2D,2026-08-08_14-14-05,rosenbrock2d_ucb_constant
0.99733055,0.46760178,0.28901103,,,,,0.0051851273,99.0,0,se_rosenbrock_2D,2026-08-08_14-14-05,rosenbrock2d_ucb_constant
0.9986597,0.46760178,0.28901103,,,,,0.0051851273,100.0,0,se_rosenbrock_2D,2026-08-08_14-14-05,rosenbrock2d_ucb_constant
0.70717865,1.0305264,0.11724353,,,,,0.29751503,0.0,1,se_rosenbrock_2D,2026-08-08_14-18-08,rosenbrock2d_ucb_constant
0.7720166,0.9801801,0.12293563,,,,,0.29751503,1.0,1,se_rosenbrock_2D,2026-08-08_14-18-08,rosenbrock2d_ucb_constant
0.8288873,0.92511535,0.12882785,,,,,0.29751503,2.0,1,se_rosenbrock_2D,2026-08-08_14-18-08,rosenbrock2d_ucb_constant
0.8605476,0.8757861,0.12316166,,,,,0.29751503,3.0,1,se_rosenbrock_2D,2026-08-08_14-18-08,rosenbrock2d_ucb_constant
0.87493694,0.88471884,0.16910167,,,,,0.29751503,4.0,1,se_rosenbrock_2D,2026-08-08_14-18-08,rosenbrock2d_ucb_constant
0.8687861,0.8812246,0.15864915,,,,,0.29751503,5.0,1,se_rosenbrock_2D,2026-08-08_14-18-08,rosenbrock2d_ucb_constant
0.8608718,0.8757861,0.12316166,,,,,0.29751503,6.0,1,se_rosenbrock_2D,2026-08-08_14-18-08,rosenbrock2d_ucb_constant
0.85178983,0.87656844,0.101770155,,,,,0.29751503,7.0,1,se_rosenbrock_2D,2026-08-08_14-18-08,rosenbrock2d_ucb_constant
0.8672988,0.8760728,0.12931433,,,,,0.29751503,8.0,1,se_rosenbrock_2D,2026-08-08_14-18-08,rosenbrock2d_ucb_constant
0.8678537,0.88313264,0.1649571,,,,,0.29751503,9.0,1,se_rosenbrock_2D,2026-08-08_14-18-08,rosenbrock2d_ucb_constant
0.8455156,0.87682146,0.09772627,,,,,0.29751503,10.0,1,se_rosenbrock_2D,2026-08-08_14-18-08,rosenbrock2d_ucb_constant
0.8505972,0.8768093,0.0983521,,,,,0.29751503,11.0,1,se_rosenbrock_2D,2026-08-08_14-18-08,rosenbrock2d_ucb_constant
0.86821854,0.87578493,0.12551974,,,,,0.29751503,12.0,1,se_rosenbrock_2D,2026-08-08_14-18-08,rosenbrock2d_ucb_constant
0.86404055,0.8756606,0.113848716,,,,,0.29751503,13.0,1,se_rosenbrock_2D,2026-08-08_14-18-08,rosenbrock2d_ucb_constant
0.8712576,0.8757861,0.12316166,,,,,0.29751503,14.0,1,se_rosenbrock_2D,2026-08-08_14-18-08,rosenbrock2d_ucb_constant
0.85266066,0.8757861,0.12316166,,,,,0.29751503,15.0,1,se_rosenbrock_2D,2026-08-08_14-18-08,rosenbrock2d_ucb_constant
0.8599966,0.87632704,0.13124894,,,,,0.29751503,16.0,1,se_rosenbrock_2D,2026-08-08_14-18-08,rosenbrock2d_ucb_constant
0.8670219,0.87793565,0.14324577,,,,,0.29751503,17.0,1,se_rosenbrock_2D,2026-08-08_14-18-08,rosenbrock2d_ucb_constant
0.8571249,0.8757861,0.12316166,,,,,0.29751503,18.0,1,se_rosenbrock_2D,2026-08-08_14-18-08,rosenbrock2d_ucb_constant
0.85765076,0.87571377,0.12329057,,,,,0.29751503,19.0,1,se_rosenbrock_2D,2026-08-08_14-18-08,rosenbrock2d_ucb_constant
0.8618905,0.8757861,0.12316166,,,,,0.29751503,20.0,1,se_rosenbrock_2D,2026-08-08_14-18-08,rosenbrock2d_ucb_constant
0.86948174,0.87616867,0.12984566,,,,,0.29751503,21.0,1,se_rosenbrock_2D,2026-08-08_14-18-08,rosenbrock2d_ucb_constant
0.87627035,0.88230675,0.16212621,,,,,0.29751503,22.0,1,se_rosenbrock_2D,2026-08-08_14-18-08,rosenbrock2d_ucb_constant
0.86764,0.8777789,0.14308733,,,,,0.29751503,23.0,1,se_rosenbrock_2D,2026-08-08_14-18-08,rosenbrock2d_ucb_constant
0.87020135,0.88582146,0.17233814,,,,,0.29751503,24.0,1,se_rosenbrock_2D,2026-08-08_14-18-08,rosenbrock2d_ucb_constant
0.85934126,0.8757861,0.12316166,,,,,0.29751503,25.0,1,se_rosenbrock_2D,2026-08-08_14-18-08,rosenbrock2d_ucb_constant
0.8777569,0.8785851,0.14690816,,,,,0.29751503,26.0,1,se_rosenbrock_2D,2026-08-08_14-18-08,rosenbrock2d_ucb_constant
0.85509723,0.8757861,0.12316166,,,,,0.29751503,27.0,1,se_rosenbrock_2D,2026-08-08_14-18-08,rosenbrock2d_ucb_constant
0.86889344,0.8765712,0.13396546,,,,,0.29751503,28.0,1,se_rosenbrock_2D,2026-08-08_14-18-08,rosenbrock2d_ucb_constant
0.86826754,0.8757861,0.12316166,,,,,0.29751503,29.0,1,se_rosenbrock_2D,2026-08-08_14-18-08,rosenbrock2d_ucb_constant
0.8838285,0.8855405,0.17181759,,,,,0.29751503,30.0,1,se_rosenbrock_2D,2026-08-08_14-18-08,rosenbrock2d_ucb_constant
0.860126,0.8757861,0.12316166,,,,,0.29751503,31.0,1,se_rosenbrock_2D,2026-08-08_14-18-08,rosenbrock2d_ucb_constant
0.8553124,0.87609565,0.10550807,,,,,0.29751503,32.0,1,se_rosenbrock_2D,2026-08-08_14-18-08,rosenbrock2d_ucb_constant
0.8546758,0.8757861,0.12316166,,,,,0.29751503,33.0,1,se_rosenbrock_2D,2026-08-08_14-18-08,rosenbrock2d_ucb_constant
0.854642,0.875682,0.111926004,,,,,0.29751503,34.0,1,se_rosenbrock_2D,2026-08-08_14-18-08,rosenbrock2d_ucb_constant
0.8623422,0.8757861,0.12316166,,,,,0.29751503,35.0,1,se_rosenbrock_2D,2026-08-08_14-18-08,rosenbrock2d_ucb_constant
0.8590064,0.87567115,0.111496344,,,,,0.29751503,36.0,1,se_rosenbrock_2D,2026-08-08_14-18-08,rosenbrock2d_ucb_constant
0.86672914,0.8757861,0.12316166,,,,,0.29751503,37.0,1,se_rosenbrock_2D,2026-08-08_14-18-08,rosenbrock2d_ucb_constant
0.86680555,0.8757861,0.12316166,,,,,0.29751503,38.0,1,se_rosenbrock_2D,2026-08-08_14-18-08,rosenbrock2d_ucb_constant
0.8666236,0.8837731,0.16675945,,,,,0.29751503,39.0,1,se_rosenbrock_2D,2026-08-08_14-18-08,rosenbrock2d_ucb_constant
0.85591716,0.8757719,0.11353781,,,,,0.29751503,40.0,1,se_rosenbrock_2D,2026-08-08_14-18-08,rosenbrock2d_ucb_constant
0.8559807,0.8757861,0.12316166,,,,,0.29751503,41.0,1,se_rosenbrock_2D,2026-08-08_14-18-08,rosenbrock2d_ucb_constant
0.8690497,0.8757861,0.12316166,,,,,0.29751503,42.0,1,se_rosenbrock_2D,2026-08-08_14-18-08,rosenbrock2d_ucb_constant
0.87981313,0.88374287,0.16675453,,,,,0.29751503,43.0,1,se_rosenbrock_2D,2026-08-08_14-18-08,rosenbrock2d_ucb_constant
0.8542733,0.8757861,0.12316166,,,,,0.29751503,44.0,1,se_rosenbrock_2D,2026-08-08_14-18-08,rosenbrock2d_ucb_constant
0.87189853,0.8783383,0.14588846,,,,,0.29751503,45.0,1,se_rosenbrock_2D,2026-08-08_14-18-08,rosenbrock2d_ucb_constant
0.8474091,0.87639,0.10218717,,,,,0.29751503,46.0,1,se_rosenbrock_2D,2026-08-08_14-18-08,rosenbrock2d_ucb_constant
0.8635633,0.8757861,0.12316166,,,,,0.29751503,47.0,1,se_rosenbrock_2D,2026-08-08_14-18-08,rosenbrock2d_ucb_constant
0.87143004,0.8845441,0.16882625,,,,,0.29751503,48.0,1,se_rosenbrock_2D,2026-08-08_14-18-08,rosenbrock2d_ucb_constant
0.87235546,0.8839345,0.16713458,,,,,0.29751503,49.0,1,se_rosenbrock_2D,2026-08-08_14-18-08,rosenbrock2d_ucb_constant
0.87817544,0.88297504,0.16456223,,,,,0.29751503,50.0,1,se_rosenbrock_2D,2026-08-08_14-18-08,rosenbrock2d_ucb_constant
0.85620004,0.8761576,0.13067964,,,,,0.29751503,51.0,1,se_rosenbrock_2D,2026-08-08_14-18-08,rosenbrock2d_ucb_constant
0.86229426,0.8757861,0.12316166,,,,,0.29751503,52.0,1,se_rosenbrock_2D,2026-08-08_14-18-08,rosenbrock2d_ucb_constant
0.8515012,0.8769606,0.0970762,,,,,0.29751503,53.0,1,se_rosenbrock_2D,2026-08-08_14-18-08,rosenbrock2d_ucb_constant
0.8822676,0.884954,0.17038451,,,,,0.29751503,54.0,1,se_rosenbrock_2D,2026-08-08_14-18-08,rosenbrock2d_ucb_constant
0.8624376,0.8782965,0.14480135,,,,,0.29751503,55.0,1,se_rosenbrock_2D,2026-08-08_14-18-08,rosenbrock2d_ucb_constant
0.8692346,0.8757861,0.12316166,,,,,0.29751503,56.0,1,se_rosenbrock_2D,2026-08-08_14-18-08,rosenbrock2d_ucb_constant
0.86692417,0.875782,0.12068905,,,,,0.29751503,57.0,1,se_rosenbrock_2D,2026-08-08_14-18-08,rosenbrock2d_ucb_constant
0.85457104,0.8757861,0.12316166,,,,,0.29751503,58.0,1,se_rosenbrock_2D,2026-08-08_14-18-08,rosenbrock2d_ucb_constant
0.8627494,0.8758268,0.12258318,,,,,0.29751503,59.0,1,se_rosenbrock_2D,2026-08-08_14-18-08,rosenbrock2d_ucb_constant
0.8554553,0.8757861,0.12316166,,,,,0.29751503,60.0,1,se_rosenbrock_2D,2026-08-08_14-18-08,rosenbrock2d_ucb_constant
0.8562372,0.8757861,0.12316166,,,,,0.29751503,61.0,1,se_rosenbrock_2D,2026-08-08_14-18-08,rosenbrock2d_ucb_constant
0.8722464,0.88386,0.16740891,,,,,0.29751503,62.0,1,se_rosenbrock_2D,2026-08-08_14-18-08,rosenbrock2d_ucb_constant
0.8710558,0.8757861,0.12316166,,,,,0.29751503,63.0,1,se_rosenbrock_2D,2026-08-08_14-18-08,rosenbrock2d_ucb_constant
0.86394215,0.8757861,0.12316166,,,,,0.29751503,64.0,1,se_rosenbrock_2D,2026-08-08_14-18-08,rosenbrock2d_ucb_constant
0.8683986,0.8757861,0.12316166,,,,,0.29751503,65.0,1,se_rosenbrock_2D,2026-08-08_14-18-08,rosenbrock2d_ucb_constant
0.86887836,0.8757861,0.12316166,,,,,0.29751503,66.0,1,se_rosenbrock_2D,2026-08-08_14-18-08,rosenbrock2d_ucb_constant
0.85479003,0.87644637,0.10240604,,,,,0.29751503,67.0,1,se_rosenbrock_2D,2026-08-08_14-18-08,rosenbrock2d_ucb_constant
0.8533745,0.8757861,0.12316166,,,,,0.29751503,68.0,1,se_rosenbrock_2D,2026-08-08_14-18-08,rosenbrock2d_ucb_constant
0.8564561,0.8757771,0.11354549,,,,,0.29751503,69.0,1,se_rosenbrock_2D,2026-08-08_14-18-08,rosenbrock2d_ucb_constant
0.8654306,0.8757861,0.12316166,,,,,0.29751503,70.0,1,se_rosenbrock_2D,2026-08-08_14-18-08,rosenbrock2d_ucb_constant
0.8720616,0.8838944,0.1673578,,,,,0.29751503,71.0,1,se_rosenbrock_2D,2026-08-08_14-18-08,rosenbrock2d_ucb_constant
0.8705761,0.877082,0.1385462,,,,,0.29751503,72.0,1,se_rosenbrock_2D,2026-08-08_14-18-08,rosenbrock2d_ucb_constant
0.8685065,0.8757861,0.12316166,,,,,0.29751503,73.0,1,se_rosenbrock_2D,2026-08-08_14-18-08,rosenbrock2d_ucb_constant
0.8576749,0.8773325,0.09433414,,,,,0.29751503,74.0,1,se_rosenbrock_2D,2026-08-08_14-18-08,rosenbrock2d_ucb_constant
0.8627075,0.87578607,0.12614809,,,,,0.29751503,75.0,1,se_rosenbrock_2D,2026-08-08_14-18-08,rosenbrock2d_ucb_constant
0.8553359,0.8757861,0.12316166,,,,,0.29751503,76.0,1,se_rosenbrock_2D,2026-08-08_14-18-08,rosenbrock2d_ucb_constant
0.86723053,0.8798364,0.15336066,,,,,0.29751503,77.0,1,se_rosenbrock_2D,2026-08-08_14-18-08,rosenbrock2d_ucb_constant
0.86860085,0.8802992,0.15504727,,,,,0.29751503,78.0,1,se_rosenbrock_2D,2026-08-08_14-18-08,rosenbrock2d_ucb_constant
0.8566524,0.8762958,0.10349072,,,,,0.29751503,79.0,1,se_rosenbrock_2D,2026-08-08_14-18-08,rosenbrock2d_ucb_constant
0.86824894,0.8757861,0.12316166,,,,,0.29751503,80.0,1,se_rosenbrock_2D,2026-08-08_14-18-08,rosenbrock2d_ucb_constant
0.8770919,0.88581586,0.1722168,,,,,0.29751503,81.0,1,se_rosenbrock_2D,2026-08-08_14-18-08,rosenbrock2d_ucb_constant
0.8674066,0.87849987,0.1465482,,,,,0.29751503,82.0,1,se_rosenbrock_2D,2026-08-08_14-18-08,rosenbrock2d_ucb_constant
0.85721445,0.8757861,0.12316166,,,,,0.29751503,83.0,1,se_rosenbrock_2D,2026-08-08_14-18-08,rosenbrock2d_ucb_constant
0.85772634,0.87618953,0.10476252,,,,,0.29751503,84.0,1,se_rosenbrock_2D,2026-08-08_14-18-08,rosenbrock2d_ucb_constant
0.8642422,0.8757861,0.12316166,,,,,0.29751503,85.0,1,se_rosenbrock_2D,2026-08-08_14-18-08,rosenbrock2d_ucb_constant
0.8627868,0.8761596,0.1037845,,,,,0.29751503,86.0,1,se_rosenbrock_2D,2026-08-08_14-18-08,rosenbrock2d_ucb_constant
0.8626991,0.8759559,0.12487818,,,,,0.29751503,87.0,1,se_rosenbrock_2D,2026-08-08_14-18-08,rosenbrock2d_ucb_constant
0.8695872,0.8757861,0.12316166,,,,,0.29751503,88.0,1,se_rosenbrock_2D,2026-08-08_14-18-08,rosenbrock2d_ucb_constant
0.87382346,0.8850022,0.17006336,,,,,0.29751503,89.0,1,se_rosenbrock_2D,2026-08-08_14-18-08,rosenbrock2d_ucb_constant
0.85026646,0.87646633,0.10251901,,,,,0.29751503,90.0,1,se_rosenbrock_2D,2026-08-08_14-18-08,rosenbrock2d_ucb_constant
0.8596465,0.8766602,0.09885009,,,,,0.29751503,91.0,1,se_rosenbrock_2D,2026-08-08_14-18-08,rosenbrock2d_ucb_constant
0.86619496,0.88379675,0.1663644,,,,,0.29751503,92.0,1,se_rosenbrock_2D,2026-08-08_14-18-08,rosenbrock2d_ucb_constant
0.8615057,0.8769951,0.13736862,,,,,0.29751503,93.0,1,se_rosenbrock_2D,2026-08-08_14-18-08,rosenbrock2d_ucb_constant
0.8570336,0.87579167,0.121103145,,,,,0.29751503,94.0,1,se_rosenbrock_2D,2026-08-08_14-18-08,rosenbrock2d_ucb_constant
0.8559739,0.8758318,0.108580455,,,,,0.29751503,95.0,1,se_rosenbrock_2D,2026-08-08_14-18-08,rosenbrock2d_ucb_constant
0.8547378,0.8757861,0.12316166,,,,,0.29751503,96.0,1,se_rosenbrock_2D,2026-08-08_14-18-08,rosenbrock2d_ucb_constant
0.8780624,0.87989557,0.15377931,,,,,0.29751503,97.0,1,se_rosenbrock_2D,2026-08-08_14-18-08,rosenbrock2d_ucb_constant
0.85477275,0.8757861,0.12316166,,,,,0.29751503,98.0,1,se_rosenbrock_2D,2026-08-08_14-18-08,rosenbrock2d_ucb_constant
0.8543778,0.8757861,0.12316166,,,,,0.29751503,99.0,1,se_rosenbrock_2D,2026-08-08_14-18-08,rosenbrock2d_ucb_constant
0.8695845,0.8827034,0.16315264,,,,,0.29751503,100.0,1,se_rosenbrock_2D,2026-08-08_14-18-08,rosenbrock2d_ucb_constant
