function,E,lipschitz_factor,kernel,local_std_label,local_std_value,seed,init_x,safety_violations,no_opt_possible,final_pred_opt,avg_pred_opt,true_optimum,ratio,n_observations,setting,L_base,L_source,violation_class
braninmod_2D,0.05,1.1,matern52,medium,0.05,0,"[-3.019542694091797, 4.611342430114746]",0,False,0.9923591017723083,0.9298259558216218,1.0,0.9923591017723083,31,old_L_factored,0.5,old,none
braninmod_2D,0.05,1.1,matern52,medium,0.05,1,"[6.364474296569824, 4.189663410186768]",0,False,0.9980233907699585,0.9560773641832413,1.0,0.9980233907699585,31,old_L_factored,0.5,old,none
braninmod_2D,0.05,1.1,matern52,medium,0.05,2,"[4.220426559448242, 5.715192794799805]",0,False,0.9763174653053284,0.9764053840791026,1.0,0.9763174653053284,31,old_L_factored,0.5,old,none
braninmod_2D,0.05,1.1,matern52,medium,0.05,3,"[8.317850112915039, 6.765470027923584]",0,False,0.9894233345985413,0.9663154944296806,1.0,0.9894233345985413,31,old_L_factored,0.5,old,none
braninmod_2D,0.05,1.1,matern52,medium,0.05,4,"[3.3945789337158203, 8.386385917663574]",0,False,0.9916796684265137,0.9519582583058265,1.0,0.9916796684265137,31,old_L_factored,0.5,old,none
braninmod_2D,0.05,1.1,matern52,medium,0.05,0,"[-3.019542694091797, 4.611342430114746]",0,False,0.9877276420593262,0.9335292885380406,1.0,0.9877276420593262,31,new_L_factored,0.4456325778841921,new,none
braninmod_2D,0.05,1.1,matern52,medium,0.05,1,"[6.364474296569824, 4.189663410186768]",0,False,0.9983261227607727,0.9744805866672147,1.0,0.9983261227607727,31,new_L_factored,0.4456325778841921,new,none
braninmod_2D,0.05,1.1,matern52,medium,0.05,2,"[4.220426559448242, 5.715192794799805]",0,False,0.9972171783447266,0.9848455729023102,1.0,0.9972171783447266,31,new_L_factored,0.4456325778841921,new,none
braninmod_2D,0.05,1.1,matern52,medium,0.05,3,"[8.317850112915039, 6.765470027923584]",0,False,0.9879982471466064,0.9768084979826405,1.0,0.9879982471466064,31,new_L_factored,0.4456325778841921,new,none
braninmod_2D,0.05,1.1,matern52,medium,0.05,4,"[3.3945789337158203, 8.386385917663574]",0,False,0.9874555468559265,0.9573923387835103,1.0,0.9874555468559265,31,new_L_factored,0.4456325778841921,new,none
braninmod_2D,0.0,1.0,matern52,medium,0.05,0,"[-3.019542694091797, 4.611342430114746]",0,False,0.9893436431884766,0.9537014884333457,1.0,0.9893436431884766,31,old_L_raw,0.5,old,none
braninmod_2D,0.0,1.0,matern52,medium,0.05,1,"[6.364474296569824, 4.189663410186768]",0,False,0.9917172193527222,0.9716974919842135,1.0,0.9917172193527222,31,old_L_raw,0.5,old,none
braninmod_2D,0.0,1.0,matern52,medium,0.05,2,"[4.220426559448242, 5.715192794799805]",0,False,0.9757412672042847,0.9804936070596019,1.0,0.9757412672042847,31,old_L_raw,0.5,old,none
braninmod_2D,0.0,1.0,matern52,medium,0.05,3,"[8.317850112915039, 6.765470027923584]",0,False,0.9986487030982971,0.9806893064129737,1.0,0.9986487030982971,31,old_L_raw,0.5,old,none
braninmod_2D,0.0,1.0,matern52,medium,0.05,4,"[3.3945789337158203, 8.386385917663574]",0,False,0.9896348118782043,0.9615893056315761,1.0,0.9896348118782043,31,old_L_raw,0.5,old,none
braninmod_2D,0.0,1.0,matern52,medium,0.05,0,"[-3.019542694091797, 4.611342430114746]",0,False,0.996500551700592,0.9561427331739857,1.0,0.996500551700592,31,new_L_raw,0.4456325778841921,new,none
braninmod_2D,0.0,1.0,matern52,medium,0.05,1,"[6.364474296569824, 4.189663410186768]",0,False,0.9947121143341064,0.9791152035036395,1.0,0.9947121143341064,31,new_L_raw,0.4456325778841921,new,none
braninmod_2D,0.0,1.0,matern52,medium,0.05,2,"[4.220426559448242, 5.715192794799805]",0,False,0.9985334277153015,0.9849415133076329,1.0,0.9985334277153015,31,new_L_raw,0.4456325778841921,new,none
braninmod_2D,0.0,1.0,matern52,medium,0.05,3,"[8.317850112915039, 6.765470027923584]",0,False,0.9985001683235168,0.9703505789079974,1.0,0.9985001683235168,31,new_L_raw,0.4456325778841921,new,none
braninmod_2D,0.0,1.0,matern52,medium,0.05,4,"[3.3945789337158203, 8.386385917663574]",0,False,0.9974555373191833,0.9774163499955209,1.0,0.9974555373191833,31,new_L_raw,0.4456325778841921,new,none
camel_2D,0.05,1.1,matern52,medium,0.05,0,"[-0.014973640441894531, 0.5364435911178589]",0,False,0.9206613302230835,0.8612493007413803,1.0316,0.8924596066528533,31,old_L_factored,20.0,old,none
camel_2D,0.05,1.1,matern52,medium,0.05,1,"[-0.4114506244659424, 0.5087438821792603]",0,False,0.7702386379241943,0.6057250240156727,1.0316,0.746644666463934,31,old_L_factored,20.0,old,none
camel_2D,0.05,1.1,matern52,medium,0.05,2,"[-0.10215568542480469, 0.4271876811981201]",0,False,0.8020808696746826,0.6988992940995001,1.0316,0.7775115060824763,31,old_L_factored,20.0,old,none
camel_2D,0.05,1.1,matern52,medium,0.05,3,"[-0.16237902641296387, -0.6487895250320435]",0,False,1.0158684253692627,0.9509688365843988,1.0316,0.9847503154025423,31,old_L_factored,20.0,old,none
camel_2D,0.05,1.1,matern52,medium,0.05,4,"[0.04232025146484375, -0.787883996963501]",0,False,1.0055172443389893,1.001324959339634,1.0316,0.9747162120385704,31,old_L_factored,20.0,old,none
camel_2D,0.05,1.1,matern52,medium,0.05,0,"[-0.014973640441894531, 0.5364435911178589]",0,False,0.9007489085197449,0.8549457923058541,1.0316,0.8731571428070423,31,new_L_factored,17.042300314218146,new,none
camel_2D,0.05,1.1,matern52,medium,0.05,1,"[-0.4114506244659424, 0.5087438821792603]",0,False,0.8381059169769287,0.6259310812719406,1.0316,0.81243303313002,31,new_L_factored,17.042300314218146,new,none
camel_2D,0.05,1.1,matern52,medium,0.05,2,"[-0.10215568542480469, 0.4271876811981201]",0,False,0.8077384829521179,0.6880774267258183,1.0316,0.7829958151920491,31,new_L_factored,17.042300314218146,new,none
camel_2D,0.05,1.1,matern52,medium,0.05,3,"[-0.16237902641296387, -0.6487895250320435]",0,False,1.0262898206710815,0.9499736505170022,1.0316,0.9948524822325334,31,new_L_factored,17.042300314218146,new,none
camel_2D,0.05,1.1,matern52,medium,0.05,4,"[0.04232025146484375, -0.787883996963501]",0,False,1.0294286012649536,1.0073485893587912,1.0316,0.9978951156116261,31,new_L_factored,17.042300314218146,new,none
camel_2D,0.0,1.0,matern52,medium,0.05,0,"[-0.014973640441894531, 0.5364435911178589]",0,False,0.9514355063438416,0.8841790518453044,1.0316,0.9222911073515331,31,old_L_raw,20.0,old,none
camel_2D,0.0,1.0,matern52,medium,0.05,1,"[-0.4114506244659424, 0.5087438821792603]",0,False,0.8045311570167542,0.6215247550318318,1.0316,0.7798867361542788,31,old_L_raw,20.0,old,none
camel_2D,0.0,1.0,matern52,medium,0.05,2,"[-0.10215568542480469, 0.4271876811981201]",0,False,0.7218132615089417,0.6758702954938335,1.0316,0.6997026575309632,31,old_L_raw,20.0,old,none
camel_2D,0.0,1.0,matern52,medium,0.05,3,"[-0.16237902641296387, -0.6487895250320435]",0,False,1.0278388261795044,0.9585790730291798,1.0316,0.9963540385609775,31,old_L_raw,20.0,old,none
camel_2D,0.0,1.0,matern52,medium,0.05,4,"[0.04232025146484375, -0.787883996963501]",0,False,1.017938494682312,1.0049974110818678,1.0316,0.9867569742946025,31,old_L_raw,20.0,old,none
camel_2D,0.0,1.0,matern52,medium,0.05,0,"[-0.014973640441894531, 0.5364435911178589]",0,False,0.94297856092453,0.884364995264238,1.0316,0.9140932153204051,31,new_L_raw,17.042300314218146,new,none
camel_2D,0.0,1.0,matern52,medium,0.05,1,"[-0.4114506244659424, 0.5087438821792603]",0,False,0.8990947008132935,0.6468686028834312,1.0316,0.8715536068372367,31,new_L_raw,17.042300314218146,new,none
camel_2D,0.0,1.0,matern52,medium,0.05,2,"[-0.10215568542480469, 0.4271876811981201]",0,False,0.7950432896614075,0.7119101516662105,1.0316,0.7706895014166415,31,new_L_raw,17.042300314218146,new,none
camel_2D,0.0,1.0,matern52,medium,0.05,3,"[-0.16237902641296387, -0.6487895250320435]",0,False,0.9998420476913452,0.957358023812694,1.0316,0.969214858173076,31,new_L_raw,17.042300314218146,new,none
camel_2D,0.0,1.0,matern52,medium,0.05,4,"[0.04232025146484375, -0.787883996963501]",0,False,1.0236059427261353,1.0098320611061589,1.0316,0.9922508169117247,31,new_L_raw,17.042300314218146,new,none
rosenbrock_2D,0.05,1.1,matern52,medium,0.05,0,"[0.5292251110076904, 0.39557385444641113]",0,False,0.9987673163414001,0.9947058827646317,1.0,0.9987673163414001,31,old_L_factored,5.0,old,none
rosenbrock_2D,0.05,1.1,matern52,medium,0.05,1,"[1.0305263996124268, 0.11724352836608887]",0,False,0.9977297186851501,0.9484619594389393,1.0,0.9977297186851501,31,old_L_factored,5.0,old,none
rosenbrock_2D,0.05,1.1,matern52,medium,0.05,2,"[0.45878028869628906, 0.5240514278411865]",0,False,0.9952099323272705,0.9863366734596991,1.0,0.9952099323272705,31,old_L_factored,5.0,old,none
rosenbrock_2D,0.05,1.1,matern52,medium,0.05,3,"[1.08746337890625, 1.9747974872589111]",0,False,0.9926946759223938,0.9507523371327308,1.0,0.9926946759223938,31,old_L_factored,5.0,old,none
rosenbrock_2D,0.05,1.1,matern52,medium,0.05,4,"[0.2385544776916504, 1.2363696098327637]",0,False,0.9982950687408447,0.8699810735640987,1.0,0.9982950687408447,31,old_L_factored,5.0,old,none
rosenbrock_2D,0.05,1.1,matern52,medium,0.05,0,"[0.5292251110076904, 0.39557385444641113]",0,False,0.9872702956199646,0.9950828283063827,1.0,0.9872702956199646,31,new_L_factored,13.763089123529726,new,none
rosenbrock_2D,0.05,1.1,matern52,medium,0.05,1,"[1.0305263996124268, 0.11724352836608887]",0,False,0.9505720138549805,0.8610598944848583,1.0,0.9505720138549805,31,new_L_factored,13.763089123529726,new,none
rosenbrock_2D,0.05,1.1,matern52,medium,0.05,2,"[0.45878028869628906, 0.5240514278411865]",0,False,0.9970857501029968,0.9864675614141649,1.0,0.9970857501029968,31,new_L_factored,13.763089123529726,new,none
rosenbrock_2D,0.05,1.1,matern52,medium,0.05,3,"[1.08746337890625, 1.9747974872589111]",0,False,0.9978240728378296,0.9157553468981097,1.0,0.9978240728378296,31,new_L_factored,13.763089123529726,new,none
rosenbrock_2D,0.05,1.1,matern52,medium,0.05,4,"[0.2385544776916504, 1.2363696098327637]",0,False,0.7360171675682068,0.6449235735401031,1.0,0.7360171675682068,31,new_L_factored,13.763089123529726,new,none
rosenbrock_2D,0.0,1.0,matern52,medium,0.05,0,"[0.5292251110076904, 0.39557385444641113]",0,False,0.988983154296875,0.989654790970587,1.0,0.988983154296875,31,old_L_raw,5.0,old,none
rosenbrock_2D,0.0,1.0,matern52,medium,0.05,1,"[1.0305263996124268, 0.11724352836608887]",0,False,0.993991494178772,0.9511423783917581,1.0,0.993991494178772,31,old_L_raw,5.0,old,none
rosenbrock_2D,0.0,1.0,matern52,medium,0.05,2,"[0.45878028869628906, 0.5240514278411865]",0,False,0.9880732297897339,0.9902401143504728,1.0,0.9880732297897339,31,old_L_raw,5.0,old,none
rosenbrock_2D,0.0,1.0,matern52,medium,0.05,3,"[1.08746337890625, 1.9747974872589111]",0,False,0.9968931078910828,0.9624212711088119,1.0,0.9968931078910828,31,old_L_raw,5.0,old,none
rosenbrock_2D,0.0,1.0,matern52,medium,0.05,4,"[0.2385544776916504, 1.2363696098327637]",0,False,0.9968966841697693,0.8895063092631679,1.0,0.9968966841697693,31,old_L_raw,5.0,old,none
rosenbrock_2D,0.0,1.0,matern52,medium,0.05,0,"[0.5292251110076904, 0.39557385444641113]",0,False,0.9921243190765381,0.9950336121743725,1.0,0.9921243190765381,31,new_L_raw,13.763089123529726,new,none
rosenbrock_2D,0.0,1.0,matern52,medium,0.05,1,"[1.0305263996124268, 0.11724352836608887]",0,False,0.9735488891601562,0.8597746856750981,1.0,0.9735488891601562,31,new_L_raw,13.763089123529726,new,none
rosenbrock_2D,0.0,1.0,matern52,medium,0.05,2,"[0.45878028869628906, 0.5240514278411865]",0,False,0.9984269142150879,0.986831953448634,1.0,0.9984269142150879,31,new_L_raw,13.763089123529726,new,none
rosenbrock_2D,0.0,1.0,matern52,medium,0.05,3,"[1.08746337890625, 1.9747974872589111]",0,False,0.9989129900932312,0.9194411635398865,1.0,0.9989129900932312,31,new_L_raw,13.763089123529726,new,none
rosenbrock_2D,0.0,1.0,matern52,medium,0.05,4,"[0.2385544776916504, 1.2363696098327637]",0,False,0.8039171099662781,0.7046128588338052,1.0,0.8039171099662781,31,new_L_raw,13.763089123529726,new,none
sphere_2D,0.05,1.1,matern52,medium,0.05,0,"[0.49625658988952637, 0.7682217955589294]",0,False,0.989526629447937,0.9454011571022772,1.0,0.989526629447937,31,old_L_factored,2.0,old,none
sphere_2D,0.05,1.1,matern52,medium,0.05,1,"[0.3971373438835144, 0.7543719410896301]",0,False,0.9906806945800781,0.9102240012538049,1.0,0.9906806945800781,31,old_L_factored,2.0,old,none
sphere_2D,0.05,1.1,matern52,medium,0.05,2,"[0.6146950721740723, 0.38101285696029663]",0,False,0.9713516235351562,0.9696096970189002,1.0,0.9713516235351562,31,old_L_factored,2.0,old,none
sphere_2D,0.05,1.1,matern52,medium,0.05,3,"[0.5096188187599182, 0.5824220776557922]",0,False,0.9739431142807007,0.9763655893264278,1.0,0.9739431142807007,31,old_L_factored,2.0,old,none
sphere_2D,0.05,1.1,matern52,medium,0.05,4,"[0.5596386194229126, 0.5590924024581909]",0,False,0.9963359236717224,0.9886077988532281,1.0,0.9963359236717224,31,old_L_factored,2.0,old,none
sphere_2D,0.05,1.1,matern52,medium,0.05,0,"[0.49625658988952637, 0.7682217955589294]",0,False,0.9752219319343567,0.9577583555252321,1.0,0.9752219319343567,31,new_L_factored,1.0,new,none
sphere_2D,0.05,1.1,matern52,medium,0.05,1,"[0.3971373438835144, 0.7543719410896301]",0,False,0.9791948795318604,0.9473026241025617,1.0,0.9791948795318604,31,new_L_factored,1.0,new,none
sphere_2D,0.05,1.1,matern52,medium,0.05,2,"[0.6146950721740723, 0.38101285696029663]",0,False,0.9850457310676575,0.9632087561392015,1.0,0.9850457310676575,31,new_L_factored,1.0,new,none
sphere_2D,0.05,1.1,matern52,medium,0.05,3,"[0.5096188187599182, 0.5824220776557922]",0,False,0.9841197729110718,0.9667735907339281,1.0,0.9841197729110718,31,new_L_factored,1.0,new,none
sphere_2D,0.05,1.1,matern52,medium,0.05,4,"[0.5596386194229126, 0.5590924024581909]",0,False,0.9964180588722229,0.9772463421667775,1.0,0.9964180588722229,31,new_L_factored,1.0,new,none
sphere_2D,0.0,1.0,matern52,medium,0.05,0,"[0.49625658988952637, 0.7682217955589294]",0,False,0.9455631375312805,0.9466011947201144,1.0,0.9455631375312805,31,old_L_raw,2.0,old,none
sphere_2D,0.0,1.0,matern52,medium,0.05,1,"[0.3971373438835144, 0.7543719410896301]",0,False,0.991381824016571,0.9505482335244456,1.0,0.991381824016571,31,old_L_raw,2.0,old,none
sphere_2D,0.0,1.0,matern52,medium,0.05,2,"[0.6146950721740723, 0.38101285696029663]",0,False,0.9814207553863525,0.9742752217477367,1.0,0.9814207553863525,31,old_L_raw,2.0,old,none
sphere_2D,0.0,1.0,matern52,medium,0.05,3,"[0.5096188187599182, 0.5824220776557922]",0,False,0.9920662641525269,0.978574316347799,1.0,0.9920662641525269,31,old_L_raw,2.0,old,none
sphere_2D,0.0,1.0,matern52,medium,0.05,4,"[0.5596386194229126, 0.5590924024581909]",0,False,0.9959011673927307,0.9862597988497827,1.0,0.9959011673927307,31,old_L_raw,2.0,old,none
sphere_2D,0.0,1.0,matern52,medium,0.05,0,"[0.49625658988952637, 0.7682217955589294]",6,False,0.9718220233917236,0.9582408666610718,1.0,0.9718220233917236,31,new_L_raw,1.0,new,major
sphere_2D,0.0,1.0,matern52,medium,0.05,1,"[0.3971373438835144, 0.7543719410896301]",4,False,0.993260383605957,0.9451950576997572,1.0,0.993260383605957,31,new_L_raw,1.0,new,major
sphere_2D,0.0,1.0,matern52,medium,0.05,2,"[0.6146950721740723, 0.38101285696029663]",3,False,0.991727888584137,0.9658182013419366,1.0,0.991727888584137,31,new_L_raw,1.0,new,major
sphere_2D,0.0,1.0,matern52,medium,0.05,3,"[0.5096188187599182, 0.5824220776557922]",4,False,0.9897992610931396,0.9636861085891724,1.0,0.9897992610931396,31,new_L_raw,1.0,new,major
sphere_2D,0.0,1.0,matern52,medium,0.05,4,"[0.5596386194229126, 0.5590924024581909]",5,False,0.9874069094657898,0.9737790765300873,1.0,0.9874069094657898,31,new_L_raw,1.0,new,major
rosenbrock_4D,0.05,1.1,matern52,medium,0.05,0,"[0.10518312454223633, -1.025367021560669, 0.33836936950683594, -1.867389440536499]",0,False,0.8984402418136597,0.8592813418757531,1.0,0.8984402418136597,31,old_L_factored,3.0,old,none
rosenbrock_4D,0.05,1.1,matern52,medium,0.05,1,"[1.0305263996124268, -0.8827564716339111, -0.3877229690551758, 0.9387378692626953]",0,False,0.9068554639816284,0.8700716610877745,1.0,0.9068554639816284,31,old_L_factored,3.0,old,none
rosenbrock_4D,0.05,1.1,matern52,medium,0.05,2,"[0.45878028869628906, -0.4759485721588135, 0.5484573841094971, -0.10215568542480469]",0,False,0.988973081111908,0.9822805023962452,1.0,0.988973081111908,31,old_L_factored,3.0,old,none
rosenbrock_4D,0.05,1.1,matern52,medium,0.05,3,"[-1.7595348358154297, 1.08746337890625, 0.9747974872589111, 0.3776848316192627]",0,False,0.9901911616325378,0.9361720412008224,1.0,0.9901911616325378,31,old_L_factored,3.0,old,none
rosenbrock_4D,0.05,1.1,matern52,medium,0.05,4,"[0.08811616897583008, -0.7170305252075195, 0.42951345443725586, 0.0930476188659668]",0,False,0.97231125831604,0.9802309486173815,1.0,0.97231125831604,31,old_L_factored,3.0,old,none
rosenbrock_4D,0.05,1.1,matern52,medium,0.05,0,"[0.10518312454223633, -1.025367021560669, 0.33836936950683594, -1.867389440536499]",0,False,0.8685828447341919,0.8372255775236315,1.0,0.8685828447341919,31,new_L_factored,3.2775618987289925,new,none
rosenbrock_4D,0.05,1.1,matern52,medium,0.05,1,"[1.0305263996124268, -0.8827564716339111, -0.3877229690551758, 0.9387378692626953]",0,False,0.9218853116035461,0.8696420538809991,1.0,0.9218853116035461,31,new_L_factored,3.2775618987289925,new,none
rosenbrock_4D,0.05,1.1,matern52,medium,0.05,2,"[0.45878028869628906, -0.4759485721588135, 0.5484573841094971, -0.10215568542480469]",0,False,0.9793666005134583,0.9781451398326505,1.0,0.9793666005134583,31,new_L_factored,3.2775618987289925,new,none
rosenbrock_4D,0.05,1.1,matern52,medium,0.05,3,"[-1.7595348358154297, 1.08746337890625, 0.9747974872589111, 0.3776848316192627]",0,False,0.9729802012443542,0.9242164973289736,1.0,0.9729802012443542,31,new_L_factored,3.2775618987289925,new,none
rosenbrock_4D,0.05,1.1,matern52,medium,0.05,4,"[0.08811616897583008, -0.7170305252075195, 0.42951345443725586, 0.0930476188659668]",0,False,0.9780906438827515,0.9817965799762357,1.0,0.9780906438827515,31,new_L_factored,3.2775618987289925,new,none
rosenbrock_4D,0.0,1.0,matern52,medium,0.05,0,"[0.10518312454223633, -1.025367021560669, 0.33836936950683594, -1.867389440536499]",0,False,0.8820781111717224,0.8455240572652509,1.0,0.8820781111717224,31,old_L_raw,3.0,old,none
rosenbrock_4D,0.0,1.0,matern52,medium,0.05,1,"[1.0305263996124268, -0.8827564716339111, -0.3877229690551758, 0.9387378692626953]",0,False,0.9314200282096863,0.8839353265300873,1.0,0.9314200282096863,31,old_L_raw,3.0,old,none
rosenbrock_4D,0.0,1.0,matern52,medium,0.05,2,"[0.45878028869628906, -0.4759485721588135, 0.5484573841094971, -0.10215568542480469]",0,False,0.9735895395278931,0.9738444166798745,1.0,0.9735895395278931,31,old_L_raw,3.0,old,none
rosenbrock_4D,0.0,1.0,matern52,medium,0.05,3,"[-1.7595348358154297, 1.08746337890625, 0.9747974872589111, 0.3776848316192627]",0,False,0.9743515849113464,0.9239510163184135,1.0,0.9743515849113464,31,old_L_raw,3.0,old,none
rosenbrock_4D,0.0,1.0,matern52,medium,0.05,4,"[0.08811616897583008, -0.7170305252075195, 0.42951345443725586, 0.0930476188659668]",0,False,0.9862713813781738,0.9806764221960499,1.0,0.9862713813781738,31,old_L_raw,3.0,old,none
rosenbrock_4D,0.0,1.0,matern52,medium,0.05,0,"[0.10518312454223633, -1.025367021560669, 0.33836936950683594, -1.867389440536499]",0,False,0.8663430213928223,0.833937487294597,1.0,0.8663430213928223,31,new_L_raw,3.2775618987289925,new,none
rosenbrock_4D,0.0,1.0,matern52,medium,0.05,1,"[1.0305263996124268, -0.8827564716339111, -0.3877229690551758, 0.9387378692626953]",0,False,0.9470871686935425,0.8852114985066075,1.0,0.9470871686935425,31,new_L_raw,3.2775618987289925,new,none
rosenbrock_4D,0.0,1.0,matern52,medium,0.05,2,"[0.45878028869628906, -0.4759485721588135, 0.5484573841094971, -0.10215568542480469]",0,False,0.9915406107902527,0.9775621045020318,1.0,0.9915406107902527,31,new_L_raw,3.2775618987289925,new,none
rosenbrock_4D,0.0,1.0,matern52,medium,0.05,3,"[-1.7595348358154297, 1.08746337890625, 0.9747974872589111, 0.3776848316192627]",0,False,0.98567795753479,0.9313175908980831,1.0,0.98567795753479,31,new_L_raw,3.2775618987289925,new,none
rosenbrock_4D,0.0,1.0,matern52,medium,0.05,4,"[0.08811616897583008, -0.7170305252075195, 0.42951345443725586, 0.0930476188659668]",0,False,0.9875522255897522,0.9790504171002296,1.0,0.9875522255897522,31,new_L_raw,3.2775618987289925,new,none
sphere_4D,0.05,1.1,matern52,medium,0.05,0,"[0.4368913173675537, 0.5190907716751099, 0.6158523559570312, 0.8101882934570312]",0,False,0.8633754253387451,0.839946775667129,1.0,0.8633754253387451,31,old_L_factored,2.0,old,none
sphere_4D,0.05,1.1,matern52,medium,0.05,1,"[0.6386804580688477, 0.524665892124176, 0.6826140880584717, 0.30514949560165405]",0,False,0.9155521392822266,0.883108425524927,1.0,0.9155521392822266,31,old_L_factored,2.0,old,none
sphere_4D,0.05,1.1,matern52,medium,0.05,2,"[0.6146950721740723, 0.38101285696029663, 0.6371143460273743, 0.47446107864379883]",0,False,0.904543399810791,0.9018768129810211,1.0,0.904543399810791,31,old_L_factored,2.0,old,none
sphere_4D,0.05,1.1,matern52,medium,0.05,3,"[0.5824220776557922, 0.4283205270767212, 0.44330739974975586, 0.17471283674240112]",0,False,0.8868365287780762,0.8224123966309332,1.0,0.8868365287780762,31,old_L_factored,2.0,old,none
sphere_4D,0.05,1.1,matern52,medium,0.05,4,"[0.5220290422439575, 0.3207423686981201, 0.607378363609314, 0.5232619047164917]",0,False,0.943665087223053,0.9016350911509606,1.0,0.943665087223053,31,old_L_factored,2.0,old,none
sphere_4D,0.05,1.1,matern52,medium,0.05,0,"[0.4368913173675537, 0.5190907716751099, 0.6158523559570312, 0.8101882934570312]",0,False,0.9417734146118164,0.8825539908101482,1.0,0.9417734146118164,31,new_L_factored,1.0,new,none
sphere_4D,0.05,1.1,matern52,medium,0.05,1,"[0.6386804580688477, 0.524665892124176, 0.6826140880584717, 0.30514949560165405]",0,False,0.9267144799232483,0.9084437989419506,1.0,0.9267144799232483,31,new_L_factored,1.0,new,none
sphere_4D,0.05,1.1,matern52,medium,0.05,2,"[0.6146950721740723, 0.38101285696029663, 0.6371143460273743, 0.47446107864379883]",0,False,0.9057866334915161,0.8976637913334754,1.0,0.9057866334915161,31,new_L_factored,1.0,new,none
sphere_4D,0.05,1.1,matern52,medium,0.05,3,"[0.5824220776557922, 0.4283205270767212, 0.44330739974975586, 0.17471283674240112]",0,False,0.9411039352416992,0.8895501417498435,1.0,0.9411039352416992,31,new_L_factored,1.0,new,none
sphere_4D,0.05,1.1,matern52,medium,0.05,4,"[0.5220290422439575, 0.3207423686981201, 0.607378363609314, 0.5232619047164917]",0,False,0.9012627601623535,0.9101876231931871,1.0,0.9012627601623535,31,new_L_factored,1.0,new,none
sphere_4D,0.0,1.0,matern52,medium,0.05,0,"[0.4368913173675537, 0.5190907716751099, 0.6158523559570312, 0.8101882934570312]",0,False,0.9144080877304077,0.8329401862236762,1.0,0.9144080877304077,31,old_L_raw,2.0,old,none
sphere_4D,0.0,1.0,matern52,medium,0.05,1,"[0.6386804580688477, 0.524665892124176, 0.6826140880584717, 0.30514949560165405]",0,False,0.9366254210472107,0.8808081611510246,1.0,0.9366254210472107,31,old_L_raw,2.0,old,none
sphere_4D,0.0,1.0,matern52,medium,0.05,2,"[0.6146950721740723, 0.38101285696029663, 0.6371143460273743, 0.47446107864379883]",0,False,0.9209272861480713,0.8911518204596734,1.0,0.9209272861480713,31,old_L_raw,2.0,old,none
sphere_4D,0.0,1.0,matern52,medium,0.05,3,"[0.5824220776557922, 0.4283205270767212, 0.44330739974975586, 0.17471283674240112]",0,False,0.8598189353942871,0.8209469491435636,1.0,0.8598189353942871,31,old_L_raw,2.0,old,none
sphere_4D,0.0,1.0,matern52,medium,0.05,4,"[0.5220290422439575, 0.3207423686981201, 0.607378363609314, 0.5232619047164917]",0,False,0.8853726983070374,0.889384517746587,1.0,0.8853726983070374,31,old_L_raw,2.0,old,none
sphere_4D,0.0,1.0,matern52,medium,0.05,0,"[0.4368913173675537, 0.5190907716751099, 0.6158523559570312, 0.8101882934570312]",0,False,0.8821514248847961,0.8261257313912914,1.0,0.8821514248847961,31,new_L_raw,1.0,new,none
sphere_4D,0.0,1.0,matern52,medium,0.05,1,"[0.6386804580688477, 0.524665892124176, 0.6826140880584717, 0.30514949560165405]",0,False,0.884157657623291,0.9077312677137314,1.0,0.884157657623291,31,new_L_raw,1.0,new,none
sphere_4D,0.0,1.0,matern52,medium,0.05,2,"[0.6146950721740723, 0.38101285696029663, 0.6371143460273743, 0.47446107864379883]",0,False,0.9223049879074097,0.9052887174390978,1.0,0.9223049879074097,31,new_L_raw,1.0,new,none
sphere_4D,0.0,1.0,matern52,medium,0.05,3,"[0.5824220776557922, 0.4283205270767212, 0.44330739974975586, 0.17471283674240112]",0,False,0.8421283960342407,0.8405708459115797,1.0,0.8421283960342407,31,new_L_raw,1.0,new,none
sphere_4D,0.0,1.0,matern52,medium,0.05,4,"[0.5220290422439575, 0.3207423686981201, 0.607378363609314, 0.5232619047164917]",0,False,0.8581362366676331,0.8993691455933356,1.0,0.8581362366676331,31,new_L_raw,1.0,new,none
sphere_6D,0.05,1.1,matern52,medium,0.05,0,"[0.6510535478591919, 0.7744860053062439, 0.4368913173675537, 0.5190907716751099, 0.6158523559570312, 0.8101882934570312]",0,False,0.7976950407028198,0.6937398660567499,1.0,0.7976950407028198,31,old_L_factored,2.0,old,none
sphere_6D,0.05,1.1,matern52,medium,0.05,1,"[0.7543719410896301, 0.5695084929466248, 0.4387779235839844, 0.6386804580688477, 0.524665892124176, 0.6826140880584717]",0,False,0.8556990027427673,0.8111253592275804,1.0,0.8556990027427673,31,old_L_factored,2.0,old,none
sphere_6D,0.05,1.1,matern52,medium,0.05,2,"[0.6146950721740723, 0.38101285696029663, 0.6371143460273743, 0.47446107864379883, 0.7135938405990601, 0.6190363764762878]",0,False,0.9200925230979919,0.8528085158717248,1.0,0.9200925230979919,31,old_L_factored,2.0,old,none
sphere_6D,0.05,1.1,matern52,medium,0.05,3,"[0.3832530379295349, 0.25122910737991333, 0.5850470662117004, 0.708093523979187, 0.5529508590698242, 0.32506924867630005]",0,False,0.8654193878173828,0.7891174247187953,1.0,0.8654193878173828,31,old_L_factored,2.0,old,none
sphere_6D,0.05,1.1,matern52,medium,0.05,4,"[0.7303948402404785, 0.5949030518531799, 0.23151099681854248, 0.635254442691803, 0.5714796185493469, 0.7806733250617981]",0,False,0.824343204498291,0.7043532575330427,1.0,0.824343204498291,31,old_L_factored,2.0,old,none
sphere_6D,0.05,1.1,matern52,medium,0.05,0,"[0.6510535478591919, 0.7744860053062439, 0.4368913173675537, 0.5190907716751099, 0.6158523559570312, 0.8101882934570312]",0,False,0.8502414226531982,0.8163267181765649,1.0,0.8502414226531982,31,new_L_factored,1.0,new,none
sphere_6D,0.05,1.1,matern52,medium,0.05,1,"[0.7543719410896301, 0.5695084929466248, 0.4387779235839844, 0.6386804580688477, 0.524665892124176, 0.6826140880584717]",0,False,0.8538317084312439,0.8074072445592573,1.0,0.8538317084312439,31,new_L_factored,1.0,new,none
sphere_6D,0.05,1.1,matern52,medium,0.05,2,"[0.6146950721740723, 0.38101285696029663, 0.6371143460273743, 0.47446107864379883, 0.7135938405990601, 0.6190363764762878]",0,False,0.8257003426551819,0.8294447006717804,1.0,0.8257003426551819,31,new_L_factored,1.0,new,none
sphere_6D,0.05,1.1,matern52,medium,0.05,3,"[0.3832530379295349, 0.25122910737991333, 0.5850470662117004, 0.708093523979187, 0.5529508590698242, 0.32506924867630005]",0,False,0.8020284175872803,0.7931995026526912,1.0,0.8020284175872803,31,new_L_factored,1.0,new,none
sphere_6D,0.05,1.1,matern52,medium,0.05,4,"[0.7303948402404785, 0.5949030518531799, 0.23151099681854248, 0.635254442691803, 0.5714796185493469, 0.7806733250617981]",0,False,0.9292048215866089,0.8122982748093144,1.0,0.9292048215866089,31,new_L_factored,1.0,new,none
sphere_6D,0.0,1.0,matern52,medium,0.05,0,"[0.6510535478591919, 0.7744860053062439, 0.4368913173675537, 0.5190907716751099, 0.6158523559570312, 0.8101882934570312]",0,False,0.8307895064353943,0.7304448370010622,1.0,0.8307895064353943,31,old_L_raw,2.0,old,none
sphere_6D,0.0,1.0,matern52,medium,0.05,1,"[0.7543719410896301, 0.5695084929466248, 0.4387779235839844, 0.6386804580688477, 0.524665892124176, 0.6826140880584717]",0,False,0.8605546951293945,0.7724675786110663,1.0,0.8605546951293945,31,old_L_raw,2.0,old,none
sphere_6D,0.0,1.0,matern52,medium,0.05,2,"[0.6146950721740723, 0.38101285696029663, 0.6371143460273743, 0.47446107864379883, 0.7135938405990601, 0.6190363764762878]",0,False,0.8954339623451233,0.8502386193121633,1.0,0.8954339623451233,31,old_L_raw,2.0,old,none
sphere_6D,0.0,1.0,matern52,medium,0.05,3,"[0.3832530379295349, 0.25122910737991333, 0.5850470662117004, 0.708093523979187, 0.5529508590698242, 0.32506924867630005]",0,False,0.9080995321273804,0.821731686592102,1.0,0.9080995321273804,31,old_L_raw,2.0,old,none
sphere_6D,0.0,1.0,matern52,medium,0.05,4,"[0.7303948402404785, 0.5949030518531799, 0.23151099681854248, 0.635254442691803, 0.5714796185493469, 0.7806733250617981]",0,False,0.82813960313797,0.6963293994626691,1.0,0.82813960313797,31,old_L_raw,2.0,old,none
sphere_6D,0.0,1.0,matern52,medium,0.05,0,"[0.6510535478591919, 0.7744860053062439, 0.4368913173675537, 0.5190907716751099, 0.6158523559570312, 0.8101882934570312]",0,False,0.8540252447128296,0.7780447967590824,1.0,0.8540252447128296,31,new_L_raw,1.0,new,none
sphere_6D,0.0,1.0,matern52,medium,0.05,1,"[0.7543719410896301, 0.5695084929466248, 0.4387779235839844, 0.6386804580688477, 0.524665892124176, 0.6826140880584717]",0,False,0.8495738506317139,0.7757510850506444,1.0,0.8495738506317139,31,new_L_raw,1.0,new,none
sphere_6D,0.0,1.0,matern52,medium,0.05,2,"[0.6146950721740723, 0.38101285696029663, 0.6371143460273743, 0.47446107864379883, 0.7135938405990601, 0.6190363764762878]",0,False,0.8143070936203003,0.8122502296201645,1.0,0.8143070936203003,31,new_L_raw,1.0,new,none
sphere_6D,0.0,1.0,matern52,medium,0.05,3,"[0.3832530379295349, 0.25122910737991333, 0.5850470662117004, 0.708093523979187, 0.5529508590698242, 0.32506924867630005]",0,False,0.7582207918167114,0.7805230463704755,1.0,0.7582207918167114,31,new_L_raw,1.0,new,none
sphere_6D,0.0,1.0,matern52,medium,0.05,4,"[0.7303948402404785, 0.5949030518531799, 0.23151099681854248, 0.635254442691803, 0.5714796185493469, 0.7806733250617981]",0,False,0.8295974731445312,0.7698278523260548,1.0,0.8295974731445312,31,new_L_raw,1.0,new,none
hartmann_6D,0.05,1.1,matern52,medium,0.05,0,"[0.3748350739479065, 0.2564433217048645, 0.32508331537246704, 0.09018915891647339, 0.3936424255371094, 0.6068782210350037]",0,False,0.6605936884880066,0.5949128827741069,1.0,0.6605936884880066,31,old_L_factored,10.0,old,none
hartmann_6D,0.05,1.1,matern52,medium,0.05,1,"[0.40504658222198486, 0.31567978858947754, 0.7086622714996338, 0.3296985626220703, 0.21910971403121948, 0.6134302020072937]",0,False,0.6836780905723572,0.6314467345514605,1.0,0.6836780905723572,31,old_L_factored,10.0,old,none
hartmann_6D,0.05,1.1,matern52,medium,0.05,2,"[0.34301912784576416, 0.1319928765296936, 0.08796918392181396, 0.31011098623275757, 0.33496421575546265, 0.7390350699424744]",0,False,0.782107949256897,0.7661515858865553,1.0,0.782107949256897,31,old_L_factored,10.0,old,none
hartmann_6D,0.05,1.1,matern52,medium,0.05,3,"[0.4467293620109558, 0.8543365001678467, 0.5019440650939941, 0.6808249354362488, 0.1251136064529419, 0.04168599843978882]",0,False,0.8735933303833008,0.8605745857761752,1.0,0.8735933303833008,31,old_L_factored,10.0,old,none
hartmann_6D,0.05,1.1,matern52,medium,0.05,4,"[0.29264676570892334, 0.11343854665756226, 0.5952439308166504, 0.10994309186935425, 0.2860291004180908, 0.7513458728790283]",0,False,0.7734764218330383,0.7238543033599854,1.0,0.7734764218330383,31,old_L_factored,10.0,old,none
hartmann_6D,0.05,1.1,matern52,medium,0.05,0,"[0.3748350739479065, 0.2564433217048645, 0.32508331537246704, 0.09018915891647339, 0.3936424255371094, 0.6068782210350037]",0,False,0.6996963024139404,0.6075018029059133,1.0,0.6996963024139404,31,new_L_factored,8.94177025318627,new,none
hartmann_6D,0.05,1.1,matern52,medium,0.05,1,"[0.40504658222198486, 0.31567978858947754, 0.7086622714996338, 0.3296985626220703, 0.21910971403121948, 0.6134302020072937]",0,False,0.6873862743377686,0.6359716673051158,1.0,0.6873862743377686,31,new_L_factored,8.94177025318627,new,none
hartmann_6D,0.05,1.1,matern52,medium,0.05,2,"[0.34301912784576416, 0.1319928765296936, 0.08796918392181396, 0.31011098623275757, 0.33496421575546265, 0.7390350699424744]",0,False,0.7809014320373535,0.7692757537288051,1.0,0.7809014320373535,31,new_L_factored,8.94177025318627,new,none
hartmann_6D,0.05,1.1,matern52,medium,0.05,3,"[0.4467293620109558, 0.8543365001678467, 0.5019440650939941, 0.6808249354362488, 0.1251136064529419, 0.04168599843978882]",0,False,0.9205803871154785,0.8740303016478016,1.0,0.9205803871154785,31,new_L_factored,8.94177025318627,new,none
hartmann_6D,0.05,1.1,matern52,medium,0.05,4,"[0.29264676570892334, 0.11343854665756226, 0.5952439308166504, 0.10994309186935425, 0.2860291004180908, 0.7513458728790283]",0,False,0.782921552658081,0.7376462586464421,1.0,0.782921552658081,31,new_L_factored,8.94177025318627,new,none
hartmann_6D,0.0,1.0,matern52,medium,0.05,0,"[0.3748350739479065, 0.2564433217048645, 0.32508331537246704, 0.09018915891647339, 0.3936424255371094, 0.6068782210350037]",0,False,0.7407907843589783,0.6211665734168021,1.0,0.7407907843589783,31,old_L_raw,10.0,old,none
hartmann_6D,0.0,1.0,matern52,medium,0.05,1,"[0.40504658222198486, 0.31567978858947754, 0.7086622714996338, 0.3296985626220703, 0.21910971403121948, 0.6134302020072937]",0,False,0.7592388987541199,0.6778427458578541,1.0,0.7592388987541199,31,old_L_raw,10.0,old,none
hartmann_6D,0.0,1.0,matern52,medium,0.05,2,"[0.34301912784576416, 0.1319928765296936, 0.08796918392181396, 0.31011098623275757, 0.33496421575546265, 0.7390350699424744]",0,False,0.7963740825653076,0.7654622158696575,1.0,0.7963740825653076,31,old_L_raw,10.0,old,none
hartmann_6D,0.0,1.0,matern52,medium,0.05,3,"[0.4467293620109558, 0.8543365001678467, 0.5019440650939941, 0.6808249354362488, 0.1251136064529419, 0.04168599843978882]",0,False,0.880525529384613,0.865821615342171,1.0,0.880525529384613,31,old_L_raw,10.0,old,none
hartmann_6D,0.0,1.0,matern52,medium,0.05,4,"[0.29264676570892334, 0.11343854665756226, 0.5952439308166504, 0.10994309186935425, 0.2860291004180908, 0.7513458728790283]",0,False,0.883179247379303,0.7894884636325221,1.0,0.883179247379303,31,old_L_raw,10.0,old,none
hartmann_6D,0.0,1.0,matern52,medium,0.05,0,"[0.3748350739479065, 0.2564433217048645, 0.32508331537246704, 0.09018915891647339, 0.3936424255371094, 0.6068782210350037]",0,False,0.7142545580863953,0.6097076227588039,1.0,0.7142545580863953,31,new_L_raw,8.94177025318627,new,none
hartmann_6D,0.0,1.0,matern52,medium,0.05,1,"[0.40504658222198486, 0.31567978858947754, 0.7086622714996338, 0.3296985626220703, 0.21910971403121948, 0.6134302020072937]",0,False,0.7253068685531616,0.6603766852809537,1.0,0.7253068685531616,31,new_L_raw,8.94177025318627,new,none
hartmann_6D,0.0,1.0,matern52,medium,0.05,2,"[0.34301912784576416, 0.1319928765296936, 0.08796918392181396, 0.31011098623275757, 0.33496421575546265, 0.7390350699424744]",0,False,0.7859442234039307,0.7691748065333213,1.0,0.7859442234039307,31,new_L_raw,8.94177025318627,new,none
hartmann_6D,0.0,1.0,matern52,medium,0.05,3,"[0.4467293620109558, 0.8543365001678467, 0.5019440650939941, 0.6808249354362488, 0.1251136064529419, 0.04168599843978882]",0,False,0.9100001454353333,0.8725298450839135,1.0,0.9100001454353333,31,new_L_raw,8.94177025318627,new,none
hartmann_6D,0.0,1.0,matern52,medium,0.05,4,"[0.29264676570892334, 0.11343854665756226, 0.5952439308166504, 0.10994309186935425, 0.2860291004180908, 0.7513458728790283]",0,False,0.8087643384933472,0.781094531859121,1.0,0.8087643384933472,31,new_L_raw,8.94177025318627,new,none
camel_10D,0.05,1.1,matern52,medium,0.05,0,"[-0.014973640441894531, 0.5364435911178589, -0.8230451345443726, -0.7359390258789062, -0.3851543664932251, 0.26815736293792725, -0.019813179969787598, 0.7928894758224487, -0.08874404430389404, 0.2646125555038452]",0,False,0.9203282594680786,0.8798310583637606,1.0316,0.8921367385305143,31,old_L_factored,15.0,old,none
camel_10D,0.05,1.1,matern52,medium,0.05,1,"[0.0986635684967041, 0.36522817611694336, -0.3897010087966919, -0.07290875911712646, -0.0900273323059082, 0.1449439525604248, -0.0039948225021362305, 0.87416672706604, 0.311190128326416, -0.3724062442779541]",0,False,0.5408867001533508,0.4169513563955984,1.0316,0.5243182436538879,31,old_L_factored,15.0,old,none
camel_10D,0.05,1.1,matern52,medium,0.05,2,"[-0.15849947929382324, 0.709309458732605, -0.0950695276260376, 0.2633178234100342, -0.0480036735534668, -0.5599467754364014, -0.5667902231216431, -0.4858337640762329, -0.9084044694900513, -0.6489822864532471]",0,False,1.0183525085449219,1.0165088599728,1.0316,0.9871583060730146,31,old_L_factored,15.0,old,none
camel_10D,0.05,1.1,matern52,medium,0.05,3,"[0.04889345169067383, -0.7166304588317871, 0.5329512357711792, 0.4472242593765259, 0.21510982513427734, 0.8239660263061523, -0.4536200761795044, 0.014912247657775879, 0.6144710779190063, 0.34566283226013184]",0,False,1.0308138132095337,1.0273203465246386,1.0316,0.9992378957052478,31,old_L_factored,15.0,old,none
camel_10D,0.05,1.1,matern52,medium,0.05,4,"[-0.23179006576538086, 0.4264284372329712, 0.1776430606842041, 0.47485625743865967, 0.9802645444869995, -0.29770171642303467, 0.7333704233169556, -0.856065034866333, 0.14860320091247559, 0.3225141763687134]",0,False,0.6928728818893433,0.608951271541657,1.0316,0.6716487804278239,31,old_L_factored,15.0,old,none
camel_10D,0.05,1.1,matern52,medium,0.05,0,"[-0.014973640441894531, 0.5364435911178589, -0.8230451345443726, -0.7359390258789062, -0.3851543664932251, 0.26815736293792725, -0.019813179969787598, 0.7928894758224487, -0.08874404430389404, 0.2646125555038452]",0,False,0.9109000563621521,0.8600026561367896,1.0316,0.8829973404053432,31,new_L_factored,17.042300314218146,new,none
camel_10D,0.05,1.1,matern52,medium,0.05,1,"[0.0986635684967041, 0.36522817611694336, -0.3897010087966919, -0.07290875911712646, -0.0900273323059082, 0.1449439525604248, -0.0039948225021362305, 0.87416672706604, 0.311190128326416, -0.3724062442779541]",0,False,0.3979920446872711,0.3860711224617497,1.0316,0.38580074126334923,31,new_L_factored,17.042300314218146,new,none
camel_10D,0.05,1.1,matern52,medium,0.05,2,"[-0.15849947929382324, 0.709309458732605, -0.0950695276260376, 0.2633178234100342, -0.0480036735534668, -0.5599467754364014, -0.5667902231216431, -0.4858337640762329, -0.9084044694900513, -0.6489822864532471]",0,False,1.027235984802246,1.012295126914978,1.0316,0.9957696634376173,31,new_L_factored,17.042300314218146,new,none
camel_10D,0.05,1.1,matern52,medium,0.05,3,"[0.04889345169067383, -0.7166304588317871, 0.5329512357711792, 0.4472242593765259, 0.21510982513427734, 0.8239660263061523, -0.4536200761795044, 0.014912247657775879, 0.6144710779190063, 0.34566283226013184]",0,False,1.0286564826965332,1.0241556282966369,1.0316,0.9971466486007494,31,new_L_factored,17.042300314218146,new,none
camel_10D,0.05,1.1,matern52,medium,0.05,4,"[-0.23179006576538086, 0.4264284372329712, 0.1776430606842041, 0.47485625743865967, 0.9802645444869995, -0.29770171642303467, 0.7333704233169556, -0.856065034866333, 0.14860320091247559, 0.3225141763687134]",0,False,0.706071674823761,0.5942651735198113,1.0316,0.6844432675685934,31,new_L_factored,17.042300314218146,new,none
camel_10D,0.0,1.0,matern52,medium,0.05,0,"[-0.014973640441894531, 0.5364435911178589, -0.8230451345443726, -0.7359390258789062, -0.3851543664932251, 0.26815736293792725, -0.019813179969787598, 0.7928894758224487, -0.08874404430389404, 0.2646125555038452]",0,False,0.8567109107971191,0.8304465355411652,1.0316,0.8304681182600999,31,old_L_raw,15.0,old,none
camel_10D,0.0,1.0,matern52,medium,0.05,1,"[0.0986635684967041, 0.36522817611694336, -0.3897010087966919, -0.07290875911712646, -0.0900273323059082, 0.1449439525604248, -0.0039948225021362305, 0.87416672706604, 0.311190128326416, -0.3724062442779541]",0,False,0.5937040448188782,0.4624667052299746,1.0316,0.575517685943077,31,old_L_raw,15.0,old,none
camel_10D,0.0,1.0,matern52,medium,0.05,2,"[-0.15849947929382324, 0.709309458732605, -0.0950695276260376, 0.2633178234100342, -0.0480036735534668, -0.5599467754364014, -0.5667902231216431, -0.4858337640762329, -0.9084044694900513, -0.6489822864532471]",0,False,1.027686357498169,1.02147203107034,1.0316,0.9962062403045453,31,old_L_raw,15.0,old,none
camel_10D,0.0,1.0,matern52,medium,0.05,3,"[0.04889345169067383, -0.7166304588317871, 0.5329512357711792, 0.4472242593765259, 0.21510982513427734, 0.8239660263061523, -0.4536200761795044, 0.014912247657775879, 0.6144710779190063, 0.34566283226013184]",0,False,1.018754243850708,1.0260005843254827,1.0316,0.9875477354116983,31,old_L_raw,15.0,old,none
camel_10D,0.0,1.0,matern52,medium,0.05,4,"[-0.23179006576538086, 0.4264284372329712, 0.1776430606842041, 0.47485625743865967, 0.9802645444869995, -0.29770171642303467, 0.7333704233169556, -0.856065034866333, 0.14860320091247559, 0.3225141763687134]",0,False,0.6948252320289612,0.5840360618406727,1.0316,0.6735413261234598,31,old_L_raw,15.0,old,none
camel_10D,0.0,1.0,matern52,medium,0.05,0,"[-0.014973640441894531, 0.5364435911178589, -0.8230451345443726, -0.7359390258789062, -0.3851543664932251, 0.26815736293792725, -0.019813179969787598, 0.7928894758224487, -0.08874404430389404, 0.2646125555038452]",0,False,0.8872440457344055,0.8477271276135598,1.0316,0.8600659613555695,31,new_L_raw,17.042300314218146,new,none
camel_10D,0.0,1.0,matern52,medium,0.05,1,"[0.0986635684967041, 0.36522817611694336, -0.3897010087966919, -0.07290875911712646, -0.0900273323059082, 0.1449439525604248, -0.0039948225021362305, 0.87416672706604, 0.311190128326416, -0.3724062442779541]",0,False,0.5548368692398071,0.47230404230856127,1.0316,0.5378410907714299,31,new_L_raw,17.042300314218146,new,none
camel_10D,0.0,1.0,matern52,medium,0.05,2,"[-0.15849947929382324, 0.709309458732605, -0.0950695276260376, 0.2633178234100342, -0.0480036735534668, -0.5599467754364014, -0.5667902231216431, -0.4858337640762329, -0.9084044694900513, -0.6489822864532471]",0,False,1.023651123046875,1.010819471651508,1.0316,0.9922946132676181,31,new_L_raw,17.042300314218146,new,none
camel_10D,0.0,1.0,matern52,medium,0.05,3,"[0.04889345169067383, -0.7166304588317871, 0.5329512357711792, 0.4472242593765259, 0.21510982513427734, 0.8239660263061523, -0.4536200761795044, 0.014912247657775879, 0.6144710779190063, 0.34566283226013184]",0,False,1.011474609375,1.0168711273900923,1.0316,0.9804910909024815,31,new_L_raw,17.042300314218146,new,none
camel_10D,0.0,1.0,matern52,medium,0.05,4,"[-0.23179006576538086, 0.4264284372329712, 0.1776430606842041, 0.47485625743865967, 0.9802645444869995, -0.29770171642303467, 0.7333704233169556, -0.856065034866333, 0.14860320091247559, 0.3225141763687134]",0,False,0.6211814880371094,0.5443415699466583,1.0316,0.6021534393535375,31,new_L_raw,17.042300314218146,new,none
gaussian_10D,0.05,1.1,matern52,medium,0.05,0,"[-0.057897329330444336, -0.2283838987350464, 0.03583073616027832, -0.14373362064361572, 0.09123468399047852, 0.11887645721435547, 0.4540759325027466, 0.01920771598815918, -0.0768047571182251, 0.04931521415710449]",0,False,0.4494446814060211,0.3542965035284719,1.0,0.4494446814060211,31,old_L_factored,8.0,old,none
gaussian_10D,0.05,1.1,matern52,medium,0.05,1,"[-0.03018343448638916, -0.3083958625793457, 0.148026704788208, -0.013062596321105957, 0.06308639049530029, 0.10624086856842041, 0.09732949733734131, 0.3191157579421997, 0.24600350856781006, -0.18217360973358154]",0,False,0.3517128825187683,0.3002601467793988,1.0,0.3517128825187683,31,old_L_factored,8.0,old,none
gaussian_10D,0.05,1.1,matern52,medium,0.05,2,"[0.0006958246231079102, -0.12071573734283447, -0.1696474552154541, 0.14011383056640625, -0.1921144723892212, -0.07059824466705322, -0.06648111343383789, -0.17209672927856445, -0.0858299732208252, -0.3736917972564697]",0,False,0.4809536337852478,0.3954004799166033,1.0,0.4809536337852478,31,old_L_factored,8.0,old,none
gaussian_10D,0.05,1.1,matern52,medium,0.05,3,"[-0.1255718469619751, 0.31234419345855713, -0.0062552690505981445, 0.10745584964752197, -0.043206095695495605, -0.1462620496749878, -0.3927203416824341, 0.20088481903076172, -0.08874058723449707, -0.10311663150787354]",0,False,0.320743590593338,0.27350986821036183,1.0,0.320743590593338,31,old_L_factored,8.0,old,none
gaussian_10D,0.05,1.1,matern52,medium,0.05,4,"[0.23022830486297607, -0.20723092555999756, 0.10746359825134277, -0.07821595668792725, 0.08809983730316162, -0.14496850967407227, 0.24874651432037354, -0.2787020206451416, 0.07840251922607422, -0.31822681427001953]",0,False,0.2918241620063782,0.2434166713107017,1.0,0.2918241620063782,31,old_L_factored,8.0,old,none
gaussian_10D,0.05,1.1,matern52,medium,0.05,0,"[-0.057897329330444336, -0.2283838987350464, 0.03583073616027832, -0.14373362064361572, 0.09123468399047852, 0.11887645721435547, 0.4540759325027466, 0.01920771598815918, -0.0768047571182251, 0.04931521415710449]",0,False,0.8582649827003479,0.6025894563044271,1.0,0.8582649827003479,31,new_L_factored,1.7155277699214138,new,none
gaussian_10D,0.05,1.1,matern52,medium,0.05,1,"[-0.03018343448638916, -0.3083958625793457, 0.148026704788208, -0.013062596321105957, 0.06308639049530029, 0.10624086856842041, 0.09732949733734131, 0.3191157579421997, 0.24600350856781006, -0.18217360973358154]",0,False,0.8255955576896667,0.5594812333583832,1.0,0.8255955576896667,31,new_L_factored,1.7155277699214138,new,none
gaussian_10D,0.05,1.1,matern52,medium,0.05,2,"[0.0006958246231079102, -0.12071573734283447, -0.1696474552154541, 0.14011383056640625, -0.1921144723892212, -0.07059824466705322, -0.06648111343383789, -0.17209672927856445, -0.0858299732208252, -0.3736917972564697]",0,False,0.7149217128753662,0.5564250273089255,1.0,0.7149217128753662,31,new_L_factored,1.7155277699214138,new,none
gaussian_10D,0.05,1.1,matern52,medium,0.05,3,"[-0.1255718469619751, 0.31234419345855713, -0.0062552690505981445, 0.10745584964752197, -0.043206095695495605, -0.1462620496749878, -0.3927203416824341, 0.20088481903076172, -0.08874058723449707, -0.10311663150787354]",0,False,0.6813026070594788,0.5158684926648294,1.0,0.6813026070594788,31,new_L_factored,1.7155277699214138,new,none
gaussian_10D,0.05,1.1,matern52,medium,0.05,4,"[0.23022830486297607, -0.20723092555999756, 0.10746359825134277, -0.07821595668792725, 0.08809983730316162, -0.14496850967407227, 0.24874651432037354, -0.2787020206451416, 0.07840251922607422, -0.31822681427001953]",0,False,0.8005712032318115,0.40573858541827046,1.0,0.8005712032318115,31,new_L_factored,1.7155277699214138,new,none
gaussian_10D,0.0,1.0,matern52,medium,0.05,0,"[-0.057897329330444336, -0.2283838987350464, 0.03583073616027832, -0.14373362064361572, 0.09123468399047852, 0.11887645721435547, 0.4540759325027466, 0.01920771598815918, -0.0768047571182251, 0.04931521415710449]",0,False,0.5993548035621643,0.4386912324736195,1.0,0.5993548035621643,31,old_L_raw,8.0,old,none
gaussian_10D,0.0,1.0,matern52,medium,0.05,1,"[-0.03018343448638916, -0.3083958625793457, 0.148026704788208, -0.013062596321105957, 0.06308639049530029, 0.10624086856842041, 0.09732949733734131, 0.3191157579421997, 0.24600350856781006, -0.18217360973358154]",0,False,0.42368292808532715,0.3482802635239017,1.0,0.42368292808532715,31,old_L_raw,8.0,old,none
gaussian_10D,0.0,1.0,matern52,medium,0.05,2,"[0.0006958246231079102, -0.12071573734283447, -0.1696474552154541, 0.14011383056640625, -0.1921144723892212, -0.07059824466705322, -0.06648111343383789, -0.17209672927856445, -0.0858299732208252, -0.3736917972564697]",0,False,0.5454505681991577,0.3886459421726965,1.0,0.5454505681991577,31,old_L_raw,8.0,old,none
gaussian_10D,0.0,1.0,matern52,medium,0.05,3,"[-0.1255718469619751, 0.31234419345855713, -0.0062552690505981445, 0.10745584964752197, -0.043206095695495605, -0.1462620496749878, -0.3927203416824341, 0.20088481903076172, -0.08874058723449707, -0.10311663150787354]",0,False,0.418329656124115,0.3054801908231551,1.0,0.418329656124115,31,old_L_raw,8.0,old,none
gaussian_10D,0.0,1.0,matern52,medium,0.05,4,"[0.23022830486297607, -0.20723092555999756, 0.10746359825134277, -0.07821595668792725, 0.08809983730316162, -0.14496850967407227, 0.24874651432037354, -0.2787020206451416, 0.07840251922607422, -0.31822681427001953]",0,False,0.29883283376693726,0.24813115548702977,1.0,0.29883283376693726,31,old_L_raw,8.0,old,none
gaussian_10D,0.0,1.0,matern52,medium,0.05,0,"[-0.057897329330444336, -0.2283838987350464, 0.03583073616027832, -0.14373362064361572, 0.09123468399047852, 0.11887645721435547, 0.4540759325027466, 0.01920771598815918, -0.0768047571182251, 0.04931521415710449]",0,False,0.6348097324371338,0.5061397312148925,1.0,0.6348097324371338,31,new_L_raw,1.7155277699214138,new,none
gaussian_10D,0.0,1.0,matern52,medium,0.05,1,"[-0.03018343448638916, -0.3083958625793457, 0.148026704788208, -0.013062596321105957, 0.06308639049530029, 0.10624086856842041, 0.09732949733734131, 0.3191157579421997, 0.24600350856781006, -0.18217360973358154]",0,False,0.7606012225151062,0.6339144101065974,1.0,0.7606012225151062,31,new_L_raw,1.7155277699214138,new,none
gaussian_10D,0.0,1.0,matern52,medium,0.05,2,"[0.0006958246231079102, -0.12071573734283447, -0.1696474552154541, 0.14011383056640625, -0.1921144723892212, -0.07059824466705322, -0.06648111343383789, -0.17209672927856445, -0.0858299732208252, -0.3736917972564697]",0,False,0.6474671363830566,0.5245201914541183,1.0,0.6474671363830566,31,new_L_raw,1.7155277699214138,new,none
gaussian_10D,0.0,1.0,matern52,medium,0.05,3,"[-0.1255718469619751, 0.31234419345855713, -0.0062552690505981445, 0.10745584964752197, -0.043206095695495605, -0.1462620496749878, -0.3927203416824341, 0.20088481903076172, -0.08874058723449707, -0.10311663150787354]",0,False,0.6645374894142151,0.5682600544344995,1.0,0.6645374894142151,31,new_L_raw,1.7155277699214138,new,none
gaussian_10D,0.0,1.0,matern52,medium,0.05,4,"[0.23022830486297607, -0.20723092555999756, 0.10746359825134277, -0.07821595668792725, 0.08809983730316162, -0.14496850967407227, 0.24874651432037354, -0.2787020206451416, 0.07840251922607422, -0.31822681427001953]",0,False,0.5659423470497131,0.5223848021799519,1.0,0.5659423470497131,31,new_L_raw,1.7155277699214138,new,none
